prediction_rank,race_id,race_date,course_name,race_number,race_name,horse_number,frame_number,horse_id,horse_name,jockey_name,odds,popularity,top3_probability,expected_value_index,model_run_id,finish_position,result_status,predicted_top3,actual_top3,top3_hit
1,202608040101,2026-10-03,京都,1,２歳未勝利 出馬表,5,3,2024100732,ペアスターロード,坂井,6.3,3.0,0.7147888,4.5031694054603575,model_20260829_214945_ef2111,1.0,finished,True,True,True
2,202608040101,2026-10-03,京都,1,２歳未勝利 出馬表,12,7,2024100358,ジャスコヒラリアス,斎藤,22.1,7.0,0.4678053,10.338497045636178,model_20260829_214945_ef2111,4.0,finished,True,False,False
3,202608040101,2026-10-03,京都,1,２歳未勝利 出馬表,2,2,2024105908,レッドレヴェリー,富田,8.3,4.0,0.4559814,3.784645649790764,model_20260829_214945_ef2111,8.0,finished,True,False,False
4,202608040101,2026-10-03,京都,1,２歳未勝利 出馬表,7,4,2024103038,スナークモネ,酒井,40.5,9.0,0.447564,18.126342236995697,model_20260829_214945_ef2111,9.0,finished,False,False,False
5,202608040101,2026-10-03,京都,1,２歳未勝利 出馬表,3,2,2024106361,ダノンアズール,西村淳,8.8,6.0,0.42812738,3.767520928382874,model_20260829_214945_ef2111,10.0,finished,False,False,False
6,202608040101,2026-10-03,京都,1,２歳未勝利 出馬表,13,7,2024108221,ジョルティーニ,松山,2.7,1.0,0.42287788,1.141770270466805,model_20260829_214945_ef2111,3.0,finished,False,True,False
7,202608040101,2026-10-03,京都,1,２歳未勝利 出馬表,1,1,2024104059,プッシュバーン,長岡,63.1,10.0,0.41803333,26.37790322601796,model_20260829_214945_ef2111,11.0,finished,False,False,False
8,202608040101,2026-10-03,京都,1,２歳未勝利 出馬表,15,8,2024104595,ゴールデンレシオ,△柴田裕,4.9,2.0,0.39771006,1.94877927005291,model_20260829_214945_ef2111,2.0,finished,False,True,False
9,202608040101,2026-10-03,京都,1,２歳未勝利 出馬表,14,8,2024106981,レゾルートハート,吉村,119.7,15.0,0.39654815,47.46681379079819,model_20260829_214945_ef2111,15.0,finished,False,False,False
10,202608040101,2026-10-03,京都,1,２歳未勝利 出馬表,4,3,2024108283,アイボリータワー,松若,8.6,5.0,0.38012397,3.2690661668777463,model_20260829_214945_ef2111,6.0,finished,False,False,False
11,202608040101,2026-10-03,京都,1,２歳未勝利 出馬表,11,6,2024103913,ヒルノアラゴン,秋山稔,113.1,14.0,0.37135026,41.99971424639225,model_20260829_214945_ef2111,13.0,finished,False,False,False
12,202608040101,2026-10-03,京都,1,２歳未勝利 出馬表,9,5,2024100498,ニドヅケキンシ,小崎,71.6,12.0,0.32340854,23.15605175495148,model_20260829_214945_ef2111,14.0,finished,False,False,False
13,202608040101,2026-10-03,京都,1,２歳未勝利 出馬表,8,5,2024105952,ダイユウエゾフジ,▲森田,63.1,11.0,0.3164377,19.96721833050251,model_20260829_214945_ef2111,5.0,finished,False,False,False
14,202608040101,2026-10-03,京都,1,２歳未勝利 出馬表,10,6,2024101729,ペプチドニンバス,▲和田陽,29.0,8.0,0.30994052,8.988274991512299,model_20260829_214945_ef2111,7.0,finished,False,False,False
15,202608040101,2026-10-03,京都,1,２歳未勝利 出馬表,6,4,2024101216,テーオーライガ,★河原田,81.4,13.0,0.10273001,8.362223093211652,model_20260829_214945_ef2111,12.0,finished,False,False,False
1,202608040102,2026-10-03,京都,2,２歳未勝利 出馬表,10,8,2024106183,ウィクフォード,西村淳,3.2,1.0,0.9044718,2.8943098068237307,model_20260829_214945_ef2111,5.0,finished,True,False,False
2,202608040102,2026-10-03,京都,2,２歳未勝利 出馬表,1,1,2024104442,イッペイ,浜中,8.8,5.0,0.8919453,7.849118661880494,model_20260829_214945_ef2111,1.0,finished,True,True,True
3,202608040102,2026-10-03,京都,2,２歳未勝利 出馬表,3,3,2024102305,メイショウジェード,太宰,4.5,3.0,0.83811545,3.7715195417404175,model_20260829_214945_ef2111,3.0,finished,True,True,True
4,202608040102,2026-10-03,京都,2,２歳未勝利 出馬表,5,5,2024104709,コルサロ,斎藤,5.6,4.0,0.7902126,4.42519040107727,model_20260829_214945_ef2111,7.0,finished,False,False,False
5,202608040102,2026-10-03,京都,2,２歳未勝利 出馬表,8,7,2024106080,ルーメンルーナエ,川田,3.3,2.0,0.62120223,2.0499673604965207,model_20260829_214945_ef2111,4.0,finished,False,False,False
6,202608040102,2026-10-03,京都,2,２歳未勝利 出馬表,9,8,2024104535,メイプルルビー,吉村,28.9,8.0,0.58223474,16.826583993434905,model_20260829_214945_ef2111,6.0,finished,False,False,False
7,202608040102,2026-10-03,京都,2,２歳未勝利 出馬表,2,2,2024102372,レイディアントサン,幸,80.2,9.0,0.5754282,46.149340665340425,model_20260829_214945_ef2111,8.0,finished,False,False,False
8,202608040102,2026-10-03,京都,2,２歳未勝利 出馬表,4,4,2024106436,レイデアルマス,北村友,28.1,7.0,0.3605823,10.132362407445909,model_20260829_214945_ef2111,9.0,finished,False,False,False
9,202608040102,2026-10-03,京都,2,２歳未勝利 出馬表,7,7,2024106268,リーベラーリア,荻野極,20.8,6.0,0.33953404,7.062308120727539,model_20260829_214945_ef2111,2.0,finished,False,True,False
10,202608040102,2026-10-03,京都,2,２歳未勝利 出馬表,6,6,2024108108,ワッザイカ,松若,86.5,10.0,0.1516161,13.114792346954346,model_20260829_214945_ef2111,10.0,finished,False,False,False
1,202608040103,2026-10-03,京都,3,３歳以上１勝クラス 出馬表,11,6,2023106388,ヒルノプーリア,秋山稔,4.8,2.0,0.75657606,3.6315650939941406,model_20260829_214945_ef2111,5.0,finished,True,False,False
2,202608040103,2026-10-03,京都,3,３歳以上１勝クラス 出馬表,14,7,2023106127,ダンシングドール,松若,6.5,3.0,0.72142357,4.689253181219101,model_20260829_214945_ef2111,6.0,finished,True,False,False
3,202608040103,2026-10-03,京都,3,３歳以上１勝クラス 出馬表,1,1,2023103808,スターフュージョン,鮫島駿,4.0,1.0,0.6634593,2.653837203979492,model_20260829_214945_ef2111,4.0,finished,True,False,False
4,202608040103,2026-10-03,京都,3,３歳以上１勝クラス 出馬表,7,4,2022106540,イーブンベター,国分恭,17.0,6.0,0.65909356,11.204590499401093,model_20260829_214945_ef2111,8.0,finished,False,False,False
5,202608040103,2026-10-03,京都,3,３歳以上１勝クラス 出馬表,2,1,2023102208,ワイズギャング,古川吉,7.4,4.0,0.64562696,4.777639520168305,model_20260829_214945_ef2111,1.0,finished,False,True,False
6,202608040103,2026-10-03,京都,3,３歳以上１勝クラス 出馬表,10,5,2022105011,リンゲルブルーメ,▲和田陽,18.3,7.0,0.606151,11.092563021183016,model_20260829_214945_ef2111,7.0,finished,False,False,False
7,202608040103,2026-10-03,京都,3,３歳以上１勝クラス 出馬表,15,8,2022100416,ヴァカンツァ,角田和,31.2,13.0,0.58471483,18.24310269355773,model_20260829_214945_ef2111,10.0,finished,False,False,False
8,202608040103,2026-10-03,京都,3,３歳以上１勝クラス 出馬表,13,7,2023106989,キンダープンシュ,Ｍデムーロ,8.2,5.0,0.5249628,4.304694819450378,model_20260829_214945_ef2111,2.0,finished,False,True,False
9,202608040103,2026-10-03,京都,3,３歳以上１勝クラス 出馬表,12,6,2021104242,ショウナンラウール,◇永島,30.0,12.0,0.3928147,11.784440875053406,model_20260829_214945_ef2111,11.0,finished,False,False,False
10,202608040103,2026-10-03,京都,3,３歳以上１勝クラス 出馬表,6,3,2022104905,チリーゴールド,菱田,34.1,14.0,0.37142423,12.66556617319584,model_20260829_214945_ef2111,3.0,finished,False,True,False
11,202608040103,2026-10-03,京都,3,３歳以上１勝クラス 出馬表,5,3,2022103469,インピッシュ,藤懸,22.5,9.0,0.3702065,8.329646363854408,model_20260829_214945_ef2111,14.0,finished,False,False,False
12,202608040103,2026-10-03,京都,3,３歳以上１勝クラス 出馬表,9,5,2023100956,オンザマーチ,小沢,28.0,11.0,0.36904788,10.333340644836426,model_20260829_214945_ef2111,16.0,finished,False,False,False
13,202608040103,2026-10-03,京都,3,３歳以上１勝クラス 出馬表,8,4,2023107378,テーオーアンジェラ,△柴田裕,155.7,15.0,0.23273146,36.2362885594368,model_20260829_214945_ef2111,9.0,finished,False,False,False
14,202608040103,2026-10-03,京都,3,３歳以上１勝クラス 出馬表,4,2,2023105262,トゥインクルピカ,☆田山,20.4,8.0,0.22050735,4.498350012302399,model_20260829_214945_ef2111,15.0,finished,False,False,False
15,202608040103,2026-10-03,京都,3,３歳以上１勝クラス 出馬表,16,8,2021102894,ルルフィーユ,▲森田,176.7,16.0,0.17944205,31.7074098944664,model_20260829_214945_ef2111,12.0,finished,False,False,False
16,202608040103,2026-10-03,京都,3,３歳以上１勝クラス 出馬表,3,2,2022103237,メイショウホダワラ,吉田隼,27.4,10.0,0.11105588,3.042931133508682,model_20260829_214945_ef2111,13.0,finished,False,False,False
1,202608040104,2026-10-03,京都,4,２歳新馬 出馬表,13,8,2024107002,ベラジオアゲーラ,北村友,7.9,4.0,0.5138376,4.059316849708558,model_20260829_214945_ef2111,2.0,finished,True,True,True
2,202608040104,2026-10-03,京都,4,２歳新馬 出馬表,12,7,2024102811,バルチックアンバー,西村淳,4.3,1.0,0.5078886,2.1839210450649262,model_20260829_214945_ef2111,3.0,finished,True,True,True
3,202608040104,2026-10-03,京都,4,２歳新馬 出馬表,11,7,2024103390,タガノクレーキング,古川吉,12.0,7.0,0.5030254,6.036304950714111,model_20260829_214945_ef2111,11.0,finished,True,False,False
4,202608040104,2026-10-03,京都,4,２歳新馬 出馬表,10,6,2024101100,サンライズビッグ,Ｍデムーロ,20.6,10.0,0.49812332,10.261340349912643,model_20260829_214945_ef2111,6.0,finished,False,False,False
5,202608040104,2026-10-03,京都,4,２歳新馬 出馬表,9,6,2024100443,トラモンターナ,斎藤,9.8,6.0,0.49344522,4.835763132572175,model_20260829_214945_ef2111,5.0,finished,False,False,False
6,202608040104,2026-10-03,京都,4,２歳新馬 出馬表,8,5,2024103439,デラスゴイガン,松山,6.5,2.0,0.48909596,3.1791237145662308,model_20260829_214945_ef2111,1.0,finished,False,True,False
7,202608040104,2026-10-03,京都,4,２歳新馬 出馬表,6,4,2024100729,ガジュノリプリンス,坂井,6.9,3.0,0.47955143,3.3089048981666567,model_20260829_214945_ef2111,7.0,finished,False,False,False
8,202608040104,2026-10-03,京都,4,２歳新馬 出馬表,4,3,2024102427,タンバゲッコー,藤懸,19.7,9.0,0.47023696,9.26366805434227,model_20260829_214945_ef2111,9.0,finished,False,False,False
9,202608040104,2026-10-03,京都,4,２歳新馬 出馬表,14,8,2024102256,ロイヤルガミーヌ,浜中,8.4,5.0,0.46547887,3.9100224852561953,model_20260829_214945_ef2111,12.0,finished,False,False,False
10,202608040104,2026-10-03,京都,4,２歳新馬 出馬表,3,3,2024103486,ビヨンドザスカイ,小崎,23.4,12.0,0.46539825,10.890319097042084,model_20260829_214945_ef2111,8.0,finished,False,False,False
11,202608040104,2026-10-03,京都,4,２歳新馬 出馬表,2,2,2024106163,ハイファイネスト,鮫島駿,21.6,11.0,0.45915642,9.917778754234314,model_20260829_214945_ef2111,4.0,finished,False,False,False
12,202608040104,2026-10-03,京都,4,２歳新馬 出馬表,1,1,2024106484,アルピグレン,田口,16.3,8.0,0.4530233,7.384280025959015,model_20260829_214945_ef2111,10.0,finished,False,False,False
13,202608040104,2026-10-03,京都,4,２歳新馬 出馬表,7,5,2024101320,ユウキサン,荻野琢,35.6,13.0,0.43478754,15.478436481952668,model_20260829_214945_ef2111,14.0,finished,False,False,False
14,202608040104,2026-10-03,京都,4,２歳新馬 出馬表,5,4,2024108156,モンサンブラヴール,△柴田裕,59.9,14.0,0.37698483,22.581391596794127,model_20260829_214945_ef2111,13.0,finished,False,False,False
1,202608040105,2026-10-03,京都,5,２歳新馬 出馬表,13,7,2024102313,サンデーアダチ,西村淳,11.6,7.0,0.49218106,5.709300327301025,model_20260829_214945_ef2111,12.0,finished,True,False,False
2,202608040105,2026-10-03,京都,5,２歳新馬 出馬表,16,8,2024102441,サンマルボニータ,酒井,24.7,10.0,0.4910666,12.129345139861108,model_20260829_214945_ef2111,13.0,finished,True,False,False
3,202608040105,2026-10-03,京都,5,２歳新馬 出馬表,12,6,2024106917,リバティユニバンス,斎藤,17.7,8.0,0.48923734,8.659500887989998,model_20260829_214945_ef2111,15.0,finished,True,False,False
4,202608040105,2026-10-03,京都,5,２歳新馬 出馬表,9,5,2024101334,ディープリメンバー,古川吉,4.4,2.0,0.47263598,2.0795983314514164,model_20260829_214945_ef2111,2.0,finished,False,True,False
5,202608040105,2026-10-03,京都,5,２歳新馬 出馬表,8,4,2024103652,コスモフィデリタス,小崎,82.6,16.0,0.46492592,38.40288057923317,model_20260829_214945_ef2111,16.0,finished,False,False,False
6,202608040105,2026-10-03,京都,5,２歳新馬 出馬表,7,4,2024102207,メイショウソレイユ,田口,41.1,15.0,0.45936713,18.87998888790608,model_20260829_214945_ef2111,14.0,finished,False,False,False
7,202608040105,2026-10-03,京都,5,２歳新馬 出馬表,6,3,2024106238,ガランテリア,浜中,8.7,3.0,0.45122722,3.925676795840263,model_20260829_214945_ef2111,7.0,finished,False,False,False
8,202608040105,2026-10-03,京都,5,２歳新馬 出馬表,5,3,2024105274,ウィリーウィリー,中井,34.6,12.0,0.44627017,15.440947806835176,model_20260829_214945_ef2111,10.0,finished,False,False,False
9,202608040105,2026-10-03,京都,5,２歳新馬 出馬表,4,2,2024106305,パンプルネル,川田,10.4,5.0,0.441824,4.594969487190247,model_20260829_214945_ef2111,9.0,finished,False,False,False
10,202608040105,2026-10-03,京都,5,２歳新馬 出馬表,3,2,2024100513,ナリタトップライト,幸,39.3,14.0,0.43866274,17.239445587992666,model_20260829_214945_ef2111,11.0,finished,False,False,False
11,202608040105,2026-10-03,京都,5,２歳新馬 出馬表,11,6,2024106473,レッドシーカー,松山,4.3,1.0,0.43457696,1.8686809211969373,model_20260829_214945_ef2111,1.0,finished,False,True,False
12,202608040105,2026-10-03,京都,5,２歳新馬 出馬表,14,7,2024101872,コスモクレアシオン,鮫島駿,39.0,13.0,0.42708495,16.65631315112114,model_20260829_214945_ef2111,6.0,finished,False,False,False
13,202608040105,2026-10-03,京都,5,２歳新馬 出馬表,15,8,2024103445,ポネンテ,☆田山,26.8,11.0,0.38792026,10.396262979507446,model_20260829_214945_ef2111,3.0,finished,False,True,False
14,202608040105,2026-10-03,京都,5,２歳新馬 出馬表,2,1,2024104670,トロフィーズ,Ｍデムーロ,11.2,6.0,0.38670874,4.33113784790039,model_20260829_214945_ef2111,5.0,finished,False,False,False
15,202608040105,2026-10-03,京都,5,２歳新馬 出馬表,1,1,2024106050,マルカクラック,松若,9.0,4.0,0.38277984,3.445018529891968,model_20260829_214945_ef2111,4.0,finished,False,False,False
16,202608040105,2026-10-03,京都,5,２歳新馬 出馬表,10,5,2024100216,マジュリス,△柴田裕,20.3,9.0,0.3158992,6.412753623723984,model_20260829_214945_ef2111,8.0,finished,False,False,False
1,202608040106,2026-10-03,京都,6,３歳以上１勝クラス 出馬表,2,1,2023101207,メイショウショカツ,幸,3.8,1.0,0.7849963,2.9829858303070065,model_20260829_214945_ef2111,4.0,finished,True,False,False
2,202608040106,2026-10-03,京都,6,３歳以上１勝クラス 出馬表,8,4,2023102901,ダンツウルス,田口,12.2,6.0,0.7536948,9.19507622718811,model_20260829_214945_ef2111,7.0,finished,True,False,False
3,202608040106,2026-10-03,京都,6,３歳以上１勝クラス 出馬表,1,1,2023106941,ノンブルドール,西村淳,6.8,2.0,0.7534314,5.123333382606506,model_20260829_214945_ef2111,2.0,finished,True,True,True
4,202608040106,2026-10-03,京都,6,３歳以上１勝クラス 出馬表,13,7,2023105404,カットソロ,坂井,19.6,11.0,0.72011894,14.114331221580509,model_20260829_214945_ef2111,16.0,finished,False,False,False
5,202608040106,2026-10-03,京都,6,３歳以上１勝クラス 出馬表,4,2,2023105897,ガウディ,松山,13.4,8.0,0.6959492,9.325719237327576,model_20260829_214945_ef2111,9.0,finished,False,False,False
6,202608040106,2026-10-03,京都,6,３歳以上１勝クラス 出馬表,10,5,2023104996,キッコベッロ,荻野極,10.8,4.0,0.64308983,6.945370173454285,model_20260829_214945_ef2111,1.0,finished,False,True,False
7,202608040106,2026-10-03,京都,6,３歳以上１勝クラス 出馬表,9,5,2022100099,クラウディアイ,小沢,34.6,13.0,0.61912155,21.42160568237305,model_20260829_214945_ef2111,8.0,finished,False,False,False
8,202608040106,2026-10-03,京都,6,３歳以上１勝クラス 出馬表,5,3,2023106995,ロングトールサリー,川田,12.7,7.0,0.60471356,7.679862201213837,model_20260829_214945_ef2111,5.0,finished,False,False,False
9,202608040106,2026-10-03,京都,6,３歳以上１勝クラス 出馬表,12,6,2023104402,ムスクレスト,鮫島駿,11.2,5.0,0.60194623,6.741797828674316,model_20260829_214945_ef2111,3.0,finished,False,True,False
10,202608040106,2026-10-03,京都,6,３歳以上１勝クラス 出馬表,16,8,2022104556,リガーレ,北村友,14.7,9.0,0.5546425,8.15324472784996,model_20260829_214945_ef2111,11.0,finished,False,False,False
11,202608040106,2026-10-03,京都,6,３歳以上１勝クラス 出馬表,6,3,2023105287,ページターナー,吉村,24.5,12.0,0.498718,12.218590840697289,model_20260829_214945_ef2111,10.0,finished,False,False,False
12,202608040106,2026-10-03,京都,6,３歳以上１勝クラス 出馬表,14,7,2023105292,サンダーバード,◇今村,8.4,3.0,0.48562104,4.079216694831849,model_20260829_214945_ef2111,6.0,finished,False,False,False
13,202608040106,2026-10-03,京都,6,３歳以上１勝クラス 出馬表,11,6,2022104688,ロットブラータ,Ｍデムーロ,44.4,15.0,0.46617353,20.698104715347288,model_20260829_214945_ef2111,13.0,finished,False,False,False
14,202608040106,2026-10-03,京都,6,３歳以上１勝クラス 出馬表,17,8,2023106392,パラディオン,松若,18.1,10.0,0.3406168,6.1651639431715015,model_20260829_214945_ef2111,12.0,finished,False,False,False
15,202608040106,2026-10-03,京都,6,３歳以上１勝クラス 出馬表,3,2,2023101399,ゴーゴーリチャード,浜中,43.3,14.0,0.19153276,8.293368545174598,model_20260829_214945_ef2111,17.0,finished,False,False,False
16,202608040106,2026-10-03,京都,6,３歳以上１勝クラス 出馬表,7,4,2020101029,アスクメークシェア,▲森田,113.7,17.0,0.09197279,10.45730629786849,model_20260829_214945_ef2111,14.0,finished,False,False,False
17,202608040106,2026-10-03,京都,6,３歳以上１勝クラス 出馬表,15,8,2023101414,コレデヨカロウ,△柴田裕,62.7,16.0,0.0885366,5.551244681328535,model_20260829_214945_ef2111,15.0,finished,False,False,False
1,202608040107,2026-10-03,京都,7,３歳以上１勝クラス 出馬表,14,7,2023104876,ペプチドレオン,坂井,4.5,2.0,0.82417375,3.708781868219376,model_20260829_214945_ef2111,5.0,finished,True,False,False
2,202608040107,2026-10-03,京都,7,３歳以上１勝クラス 出馬表,7,4,2023104752,ブロンテス,幸,2.4,1.0,0.7770075,1.8648180484771728,model_20260829_214945_ef2111,3.0,finished,True,True,True
3,202608040107,2026-10-03,京都,7,３歳以上１勝クラス 出馬表,13,7,2023101062,セヴェンヌ,浜中,33.3,11.0,0.68261737,22.73115829825401,model_20260829_214945_ef2111,15.0,finished,True,False,False
4,202608040107,2026-10-03,京都,7,３歳以上１勝クラス 出馬表,15,8,2023103764,ゴディアンフィンチ,斎藤,13.5,4.0,0.6670968,9.005806714296341,model_20260829_214945_ef2111,9.0,finished,False,False,False
5,202608040107,2026-10-03,京都,7,３歳以上１勝クラス 出馬表,12,6,2023101610,クリコファルコン,▲森田,101.0,14.0,0.59055847,59.64640539884567,model_20260829_214945_ef2111,8.0,finished,False,False,False
6,202608040107,2026-10-03,京都,7,３歳以上１勝クラス 出馬表,9,5,2021105993,マテンロウミラクル,富田,22.7,8.0,0.41302118,9.37558071911335,model_20260829_214945_ef2111,4.0,finished,False,False,False
7,202608040107,2026-10-03,京都,7,３歳以上１勝クラス 出馬表,16,8,2023105011,オーライカモン,亀田,16.6,6.0,0.38601422,6.407836103439331,model_20260829_214945_ef2111,7.0,finished,False,False,False
8,202608040107,2026-10-03,京都,7,３歳以上１勝クラス 出馬表,5,3,2023104325,パンサーズ,松若,6.1,3.0,0.34084597,2.0791604310274123,model_20260829_214945_ef2111,1.0,finished,False,True,False
9,202608040107,2026-10-03,京都,7,３歳以上１勝クラス 出馬表,8,4,2023106284,リーグナイト,☆田山,21.2,7.0,0.33431768,7.0875349044799805,model_20260829_214945_ef2111,11.0,finished,False,False,False
10,202608040107,2026-10-03,京都,7,３歳以上１勝クラス 出馬表,2,1,2022100725,テーオーノーベル,菱田,43.1,12.0,0.3262193,14.060051420331002,model_20260829_214945_ef2111,13.0,finished,False,False,False
11,202608040107,2026-10-03,京都,7,３歳以上１勝クラス 出馬表,11,6,2023101577,フレイムスター,吉村,23.6,9.0,0.30128434,7.11031049489975,model_20260829_214945_ef2111,16.0,finished,False,False,False
12,202608040107,2026-10-03,京都,7,３歳以上１勝クラス 出馬表,3,2,2023106054,ジーティーシップ,国分恭,112.4,16.0,0.24532168,27.574156397581103,model_20260829_214945_ef2111,14.0,finished,False,False,False
13,202608040107,2026-10-03,京都,7,３歳以上１勝クラス 出馬表,4,2,2020102675,ダノンクロム,西村淳,15.6,5.0,0.14930142,2.329102224111557,model_20260829_214945_ef2111,2.0,finished,False,True,False
14,202608040107,2026-10-03,京都,7,３歳以上１勝クラス 出馬表,6,3,2021102550,メイショウハッブル,★河原田,29.8,10.0,0.116939396,3.4847939908504486,model_20260829_214945_ef2111,6.0,finished,False,False,False
15,202608040107,2026-10-03,京都,7,３歳以上１勝クラス 出馬表,10,5,2020101597,サンライズタイソン,荻野琢,102.3,15.0,0.07987764,8.171482298523188,model_20260829_214945_ef2111,10.0,finished,False,False,False
16,202608040107,2026-10-03,京都,7,３歳以上１勝クラス 出馬表,1,1,2022106673,スズノソレイユ,藤懸,66.5,13.0,0.062181767,4.135087510570884,model_20260829_214945_ef2111,12.0,finished,False,False,False
1,202608040108,2026-10-03,京都,8,３歳以上２勝クラス 出馬表,5,5,2023107157,ブレットパス,荻野極,5.5,3.0,0.8816108,4.848859459161758,model_20260829_214945_ef2111,1.0,finished,True,True,True
2,202608040108,2026-10-03,京都,8,３歳以上２勝クラス 出馬表,9,7,2023106978,アクロフェイズ,西村淳,2.8,1.0,0.8448619,2.3656133890151976,model_20260829_214945_ef2111,2.0,finished,True,True,True
3,202608040108,2026-10-03,京都,8,３歳以上２勝クラス 出馬表,7,6,2023107287,イベントホライゾン,松山,4.3,2.0,0.82429826,3.5444825291633606,model_20260829_214945_ef2111,5.0,finished,True,False,False
4,202608040108,2026-10-03,京都,8,３歳以上２勝クラス 出馬表,4,4,2023105380,サトノアイボリー,川田,5.6,4.0,0.7418786,4.154520320892334,model_20260829_214945_ef2111,3.0,finished,False,True,False
5,202608040108,2026-10-03,京都,8,３歳以上２勝クラス 出馬表,6,6,2022101605,サミダレナイツ,酒井,18.0,6.0,0.6621769,11.91918432712555,model_20260829_214945_ef2111,6.0,finished,False,False,False
6,202608040108,2026-10-03,京都,8,３歳以上２勝クラス 出馬表,3,3,2023103996,オモイヲノセテ,幸,9.4,5.0,0.66018575,6.20574609041214,model_20260829_214945_ef2111,4.0,finished,False,False,False
7,202608040108,2026-10-03,京都,8,３歳以上２勝クラス 出馬表,11,8,2021101751,ミカエルパシャ,北村友,22.7,8.0,0.36432981,8.270286798477173,model_20260829_214945_ef2111,9.0,finished,False,False,False
8,202608040108,2026-10-03,京都,8,３歳以上２勝クラス 出馬表,8,7,2022103405,ヨシヒロ,小崎,101.4,10.0,0.3274965,33.208144980669026,model_20260829_214945_ef2111,10.0,finished,False,False,False
9,202608040108,2026-10-03,京都,8,３歳以上２勝クラス 出馬表,2,2,2021101116,エコテーラー,藤懸,18.8,7.0,0.27605334,5.189802777767182,model_20260829_214945_ef2111,7.0,finished,False,False,False
10,202608040108,2026-10-03,京都,8,３歳以上２勝クラス 出馬表,1,1,2020106415,ロゼル,☆田山,34.0,9.0,0.24194992,8.22629714012146,model_20260829_214945_ef2111,8.0,finished,False,False,False
11,202608040108,2026-10-03,京都,8,３歳以上２勝クラス 出馬表,10,8,2023104820,キタノファーンヒル,富田,113.9,11.0,0.112473615,12.810744693130257,model_20260829_214945_ef2111,11.0,finished,False,False,False
1,202608040109,2026-10-03,京都,9,りんどう賞(1勝クラス) 出馬表,1,1,2024104447,ベニバナ,田山,9.6,5.0,0.92306584,8.861432075500488,model_20260829_214945_ef2111,4.0,finished,True,False,False
2,202608040109,2026-10-03,京都,9,りんどう賞(1勝クラス) 出馬表,3,3,2024106450,ギャルズマインド,浜中,4.5,3.0,0.85938394,3.867227733135224,model_20260829_214945_ef2111,6.0,finished,True,False,False
3,202608040109,2026-10-03,京都,9,りんどう賞(1勝クラス) 出馬表,7,7,2024105758,ラムラベイ,松若,3.0,1.0,0.8334723,2.500416934490204,model_20260829_214945_ef2111,1.0,finished,True,True,True
4,202608040109,2026-10-03,京都,9,りんどう賞(1勝クラス) 出馬表,8,8,2024104751,ルジュエ,田野豊,30.3,8.0,0.71172976,21.56541187763214,model_20260829_214945_ef2111,8.0,finished,False,False,False
5,202608040109,2026-10-03,京都,9,りんどう賞(1勝クラス) 出馬表,5,5,2024106248,ショウナンカノア,吉村,10.6,6.0,0.6807507,7.215957713127136,model_20260829_214945_ef2111,5.0,finished,False,False,False
6,202608040109,2026-10-03,京都,9,りんどう賞(1勝クラス) 出馬表,6,6,2024106976,ヴィヴェローネ,松山,3.6,2.0,0.655702,2.360527181625366,model_20260829_214945_ef2111,2.0,finished,False,True,False
7,202608040109,2026-10-03,京都,9,りんどう賞(1勝クラス) 出馬表,2,2,2024106882,エストレアボニータ,今村,7.6,4.0,0.5378917,4.087976813316345,model_20260829_214945_ef2111,7.0,finished,False,False,False
8,202608040109,2026-10-03,京都,9,りんどう賞(1勝クラス) 出馬表,4,4,2024103842,セイウンリリーナ,幸,15.1,7.0,0.43402734,6.55381289422512,model_20260829_214945_ef2111,3.0,finished,False,True,False
1,202608040110,2026-10-03,京都,10,大山崎ステークス(3勝クラス) 出馬表,11,6,2023104562,テーオーグレーザー,松山,8.6,4.0,0.7581289,6.519908380508422,model_20260829_214945_ef2111,4.0,finished,True,False,False
2,202608040110,2026-10-03,京都,10,大山崎ステークス(3勝クラス) 出馬表,14,7,2022101127,ルクスデイジー,川田,4.3,2.0,0.73370206,3.154918873310089,model_20260829_214945_ef2111,2.0,finished,True,True,True
3,202608040110,2026-10-03,京都,10,大山崎ステークス(3勝クラス) 出馬表,6,3,2022103630,ウルスクローム,田口,4.0,1.0,0.70740366,2.8296146392822266,model_20260829_214945_ef2111,3.0,finished,True,True,True
4,202608040110,2026-10-03,京都,10,大山崎ステークス(3勝クラス) 出馬表,8,4,2021110122,アメリカンチケット,小崎,11.9,6.0,0.5467705,6.506569105386734,model_20260829_214945_ef2111,1.0,finished,False,True,False
5,202608040110,2026-10-03,京都,10,大山崎ステークス(3勝クラス) 出馬表,7,4,2021102573,メイショウヤーキス,菱田,10.8,5.0,0.4518274,4.87973599433899,model_20260829_214945_ef2111,8.0,finished,False,False,False
6,202608040110,2026-10-03,京都,10,大山崎ステークス(3勝クラス) 出馬表,3,2,2022100194,ハヤテノツバサ,斎藤,5.6,3.0,0.44765115,2.5068464279174805,model_20260829_214945_ef2111,13.0,finished,False,False,False
7,202608040110,2026-10-03,京都,10,大山崎ステークス(3勝クラス) 出馬表,13,7,2022104004,ディニトーソ,長岡,45.9,14.0,0.43767267,20.089175766706465,model_20260829_214945_ef2111,7.0,finished,False,False,False
8,202608040110,2026-10-03,京都,10,大山崎ステークス(3勝クラス) 出馬表,1,1,2022106604,ヤマニンシュラ,Ｍデムーロ,23.9,8.0,0.40567824,9.69570999443531,model_20260829_214945_ef2111,14.0,finished,False,False,False
9,202608040110,2026-10-03,京都,10,大山崎ステークス(3勝クラス) 出馬表,12,6,2022105905,トーアジョウトウ,荻野極,24.8,9.0,0.40376765,10.013437604904174,model_20260829_214945_ef2111,11.0,finished,False,False,False
10,202608040110,2026-10-03,京都,10,大山崎ステークス(3勝クラス) 出馬表,15,8,2020103902,ジャーヴィス,藤懸,36.9,13.0,0.32180226,11.874503338336943,model_20260829_214945_ef2111,9.0,finished,False,False,False
11,202608040110,2026-10-03,京都,10,大山崎ステークス(3勝クラス) 出馬表,4,2,2022104600,イマージョン,西村淳,22.6,7.0,0.3166224,7.155666381120683,model_20260829_214945_ef2111,5.0,finished,False,False,False
12,202608040110,2026-10-03,京都,10,大山崎ステークス(3勝クラス) 出馬表,5,3,2020107082,ライジン,松若,28.6,10.0,0.27263275,7.797296589612961,model_20260829_214945_ef2111,12.0,finished,False,False,False
13,202608040110,2026-10-03,京都,10,大山崎ステークス(3勝クラス) 出馬表,9,5,2020105250,ビルカール,北村友,29.5,11.0,0.20426314,6.025762505829334,model_20260829_214945_ef2111,16.0,finished,False,False,False
14,202608040110,2026-10-03,京都,10,大山崎ステークス(3勝クラス) 出馬表,2,1,2019103825,スペシャルナンバー,鮫島駿,50.3,15.0,0.18939157,9.526395885646345,model_20260829_214945_ef2111,6.0,finished,False,False,False
15,202608040110,2026-10-03,京都,10,大山崎ステークス(3勝クラス) 出馬表,10,5,2020102027,カミーロ,角田和,29.9,12.0,0.13294701,3.975115682184696,model_20260829_214945_ef2111,15.0,finished,False,False,False
16,202608040110,2026-10-03,京都,10,大山崎ステークス(3勝クラス) 出馬表,16,8,2020104845,ギーロカスタル,太宰,137.1,16.0,0.11572445,15.86582234725356,model_20260829_214945_ef2111,10.0,finished,False,False,False
1,202608040111,2026-10-03,京都,11,オパールステークス(L) 出馬表,10,5,2023100545,ヒシアイラ,荻野極,5.7,1.0,0.7452199,4.247753351926804,model_20260829_214945_ef2111,5.0,finished,True,False,False
2,202608040111,2026-10-03,京都,11,オパールステークス(L) 出馬表,3,2,2023103162,タマモイカロス,松山,8.2,4.0,0.7203036,5.906489479541778,model_20260829_214945_ef2111,16.0,finished,True,False,False
3,202608040111,2026-10-03,京都,11,オパールステークス(L) 出馬表,18,8,2022104933,ディアナザール,川田,6.2,2.0,0.68829787,4.267446780204773,model_20260829_214945_ef2111,2.0,finished,True,True,True
4,202608040111,2026-10-03,京都,11,オパールステークス(L) 出馬表,6,3,2023105312,リリージョワ,浜中,6.6,3.0,0.6262639,4.13334184885025,model_20260829_214945_ef2111,1.0,finished,False,True,False
5,202608040111,2026-10-03,京都,11,オパールステークス(L) 出馬表,15,7,2023104313,タガノアラリア,鮫島駿,31.7,13.0,0.5574631,17.671580570936204,model_20260829_214945_ef2111,12.0,finished,False,False,False
6,202608040111,2026-10-03,京都,11,オパールステークス(L) 出馬表,13,7,2022106394,クラスペディア,小崎,17.8,10.0,0.47215617,8.404379773139954,model_20260829_214945_ef2111,6.0,finished,False,False,False
7,202608040111,2026-10-03,京都,11,オパールステークス(L) 出馬表,8,4,2021105880,レッドエヴァンス,西村淳,9.9,5.0,0.46821994,4.635377365350723,model_20260829_214945_ef2111,3.0,finished,False,True,False
8,202608040111,2026-10-03,京都,11,オパールステークス(L) 出馬表,17,8,2018106055,ヨシノイースター,坂井,14.2,8.0,0.38505027,5.467713791131973,model_20260829_214945_ef2111,7.0,finished,False,False,False
9,202608040111,2026-10-03,京都,11,オパールステークス(L) 出馬表,14,7,2021106601,ヤマニンアルリフラ,Ｍデムーロ,45.1,14.0,0.3668704,16.545855188369753,model_20260829_214945_ef2111,14.0,finished,False,False,False
10,202608040111,2026-10-03,京都,11,オパールステークス(L) 出馬表,1,1,2021104556,カルチャーデイ,酒井,17.1,9.0,0.32844645,5.61643425822258,model_20260829_214945_ef2111,4.0,finished,False,False,False
11,202608040111,2026-10-03,京都,11,オパールステークス(L) 出馬表,4,2,2021101580,メイショウヨゾラ,吉村,12.1,7.0,0.32407865,3.921351656317711,model_20260829_214945_ef2111,11.0,finished,False,False,False
12,202608040111,2026-10-03,京都,11,オパールステークス(L) 出馬表,2,1,2020104597,ショウナンアビアス,北村友,62.8,15.0,0.30163664,18.942780756950377,model_20260829_214945_ef2111,13.0,finished,False,False,False
13,202608040111,2026-10-03,京都,11,オパールステークス(L) 出馬表,9,5,2020105400,タマモブラックタイ,幸,30.4,12.0,0.22184782,6.744173645973206,model_20260829_214945_ef2111,15.0,finished,False,False,False
14,202608040111,2026-10-03,京都,11,オパールステークス(L) 出馬表,16,8,2020110133,フロムダスク,中井,11.2,6.0,0.17616116,1.973004937171936,model_20260829_214945_ef2111,17.0,finished,False,False,False
15,202608040111,2026-10-03,京都,11,オパールステークス(L) 出馬表,7,4,2018104633,テーオーダヴィンチ,菱田,96.1,18.0,0.14930885,14.348580043017863,model_20260829_214945_ef2111,9.0,finished,False,False,False
16,202608040111,2026-10-03,京都,11,オパールステークス(L) 出馬表,5,3,2021101924,フィオライア,松若,20.8,11.0,0.14926125,3.104634022712708,model_20260829_214945_ef2111,10.0,finished,False,False,False
17,202608040111,2026-10-03,京都,11,オパールステークス(L) 出馬表,12,6,2020101872,デイトナモード,斎藤,63.0,16.0,0.14471321,9.1169321089983,model_20260829_214945_ef2111,18.0,finished,False,False,False
18,202608040111,2026-10-03,京都,11,オパールステークス(L) 出馬表,11,6,2019105658,オタルエバー,角田和,92.1,17.0,0.063252866,5.825588983297347,model_20260829_214945_ef2111,8.0,finished,False,False,False
1,202608040112,2026-10-03,京都,12,３歳以上２勝クラス 出馬表,14,8,2023102120,システマソラー,川田,4.4,2.0,0.82151216,3.614653515815735,model_20260829_214945_ef2111,1.0,finished,True,True,True
2,202608040112,2026-10-03,京都,12,３歳以上２勝クラス 出馬表,10,6,2022105885,ショーダンサー,国分優,11.1,6.0,0.7087108,7.866689765453338,model_20260829_214945_ef2111,3.0,finished,True,True,True
3,202608040112,2026-10-03,京都,12,３歳以上２勝クラス 出馬表,13,8,2023105032,メイショウコシュウ,浜中,7.4,3.0,0.7006815,5.185043156147003,model_20260829_214945_ef2111,4.0,finished,True,False,False
4,202608040112,2026-10-03,京都,12,３歳以上２勝クラス 出馬表,7,5,2022105171,タンテドヴィーヴル,幸,8.0,4.0,0.67763954,5.421116352081299,model_20260829_214945_ef2111,5.0,finished,False,False,False
5,202608040112,2026-10-03,京都,12,３歳以上２勝クラス 出馬表,6,4,2023107295,リヒトミューレ,西村淳,10.6,5.0,0.6136422,6.504607486724853,model_20260829_214945_ef2111,12.0,finished,False,False,False
6,202608040112,2026-10-03,京都,12,３歳以上２勝クラス 出馬表,9,6,2023103919,オオツカ,坂井,3.9,1.0,0.6047587,2.358558851480484,model_20260829_214945_ef2111,7.0,finished,False,False,False
7,202608040112,2026-10-03,京都,12,３歳以上２勝クラス 出馬表,11,7,2020100771,ジョータルマエ,鮫島良,11.3,7.0,0.4607573,5.206557324528695,model_20260829_214945_ef2111,8.0,finished,False,False,False
8,202608040112,2026-10-03,京都,12,３歳以上２勝クラス 出馬表,12,7,2021106164,キングオブフジ,中井,43.9,12.0,0.3938673,17.29077507853508,model_20260829_214945_ef2111,6.0,finished,False,False,False
9,202608040112,2026-10-03,京都,12,３歳以上２勝クラス 出馬表,5,4,2021100739,ワンダーカモン,Ｍデムーロ,28.5,10.0,0.38325337,10.922720924019814,model_20260829_214945_ef2111,10.0,finished,False,False,False
10,202608040112,2026-10-03,京都,12,３歳以上２勝クラス 出馬表,8,5,2022106617,サルタール,小崎,70.7,14.0,0.26012442,18.39079615175724,model_20260829_214945_ef2111,13.0,finished,False,False,False
11,202608040112,2026-10-03,京都,12,３歳以上２勝クラス 出馬表,4,3,2020100681,ジーニアスバローズ,松若,18.1,9.0,0.2501904,4.528446367383004,model_20260829_214945_ef2111,2.0,finished,False,True,False
12,202608040112,2026-10-03,京都,12,３歳以上２勝クラス 出馬表,3,3,2022104910,レイザリオ,斎藤,14.9,8.0,0.21922661,3.2664765432477,model_20260829_214945_ef2111,14.0,finished,False,False,False
13,202608040112,2026-10-03,京都,12,３歳以上２勝クラス 出馬表,2,2,2022104292,フクキタテーラー,小沢,49.5,13.0,0.19042113,9.425846144557,model_20260829_214945_ef2111,11.0,finished,False,False,False
14,202608040112,2026-10-03,京都,12,３歳以上２勝クラス 出馬表,1,1,2019102705,ヒデノレインボー,藤懸,37.0,11.0,0.02044247,0.7563714236021042,model_20260829_214945_ef2111,9.0,finished,False,False,False
1,202605040101,2026-10-03,東京,1,２歳未勝利 出馬表,13,7,2024108240,スターフラッシュ,ルメール,1.4,1.0,0.838999,1.1745985627174376,model_20260829_214945_ef2111,2.0,finished,True,True,True
2,202605040101,2026-10-03,東京,1,２歳未勝利 出馬表,10,6,2024100715,アオイノリプー,田辺,18.5,5.0,0.764283,14.139235526323318,model_20260829_214945_ef2111,6.0,finished,True,False,False
3,202605040101,2026-10-03,東京,1,２歳未勝利 出馬表,15,8,2024105462,ヒゲキリ,三浦,5.3,2.0,0.481887,2.554001167416573,model_20260829_214945_ef2111,5.0,finished,True,False,False
4,202605040101,2026-10-03,東京,1,２歳未勝利 出馬表,11,6,2024101356,ノアヴェルテ,杉原,196.2,15.0,0.4616955,90.58465558290482,model_20260829_214945_ef2111,9.0,finished,False,False,False
5,202605040101,2026-10-03,東京,1,２歳未勝利 出馬表,7,4,2024104466,ベアヒロシデス,松岡,140.2,13.0,0.44107845,61.83919928669929,model_20260829_214945_ef2111,12.0,finished,False,False,False
6,202605040101,2026-10-03,東京,1,２歳未勝利 出馬表,5,3,2024102598,ワンダーマーベル,横山琉,7.5,3.0,0.42891836,3.2168877124786377,model_20260829_214945_ef2111,1.0,finished,False,True,False
7,202605040101,2026-10-03,東京,1,２歳未勝利 出馬表,3,2,2024107366,サードアイ,丸山,57.2,8.0,0.41745684,23.878530991077422,model_20260829_214945_ef2111,10.0,finished,False,False,False
8,202605040101,2026-10-03,東京,1,２歳未勝利 出馬表,8,5,2024105391,セイウンガジュマル,木幡巧,64.4,9.0,0.34287214,22.080965995788578,model_20260829_214945_ef2111,8.0,finished,False,False,False
9,202605040101,2026-10-03,東京,1,２歳未勝利 出馬表,6,4,2024106066,ホワイトフレアー,原,47.7,7.0,0.26031765,12.417152068018916,model_20260829_214945_ef2111,7.0,finished,False,False,False
10,202605040101,2026-10-03,東京,1,２歳未勝利 出馬表,2,2,2024105058,ディアファザー,菊沢,95.7,10.0,0.2595847,24.842255321145057,model_20260829_214945_ef2111,13.0,finished,False,False,False
11,202605040101,2026-10-03,東京,1,２歳未勝利 出馬表,9,5,2024105950,ミクニルミナス,内田博,121.1,12.0,0.23881261,28.92020713239908,model_20260829_214945_ef2111,11.0,finished,False,False,False
12,202605040101,2026-10-03,東京,1,２歳未勝利 出馬表,4,3,2024108276,パレスラン,ミシェル,18.4,4.0,0.23641255,4.349991011619568,model_20260829_214945_ef2111,4.0,finished,False,False,False
13,202605040101,2026-10-03,東京,1,２歳未勝利 出馬表,12,7,2024100646,カウェーカネム,☆長浜,100.8,11.0,0.16596045,16.728812956809996,model_20260829_214945_ef2111,15.0,finished,False,False,False
14,202605040101,2026-10-03,東京,1,２歳未勝利 出馬表,1,1,2024105705,アークレイリ,丹内,44.6,6.0,0.14993794,6.687232241034508,model_20260829_214945_ef2111,3.0,finished,False,True,False
15,202605040101,2026-10-03,東京,1,２歳未勝利 出馬表,14,8,2024103763,ヴェットビルズ,▲水沼,190.3,14.0,0.08154054,15.517164735496046,model_20260829_214945_ef2111,14.0,finished,False,False,False
1,202605040102,2026-10-03,東京,2,２歳未勝利 出馬表,6,6,2024103201,ロゼプレミア,横山和,2.5,1.0,0.8391705,2.097926288843155,model_20260829_214945_ef2111,6.0,finished,True,False,False
2,202605040102,2026-10-03,東京,2,２歳未勝利 出馬表,8,7,2024105911,シアルナーレ,戸崎圭,4.5,3.0,0.70156646,3.157049059867859,model_20260829_214945_ef2111,2.0,finished,True,True,True
3,202605040102,2026-10-03,東京,2,２歳未勝利 出馬表,7,6,2024103169,スカイミラー,木幡巧,77.2,10.0,0.61512023,47.487281918525696,model_20260829_214945_ef2111,8.0,finished,True,False,False
4,202605040102,2026-10-03,東京,2,２歳未勝利 出馬表,5,5,2024103191,トパーズプレミア,菊沢,44.3,9.0,0.610029,27.024283909797667,model_20260829_214945_ef2111,7.0,finished,False,False,False
5,202605040102,2026-10-03,東京,2,２歳未勝利 出馬表,3,3,2024105951,ゼノスフィア,津村,9.8,4.0,0.5807136,5.6909935712814335,model_20260829_214945_ef2111,9.0,finished,False,False,False
6,202605040102,2026-10-03,東京,2,２歳未勝利 出馬表,4,4,2024106448,インテルラゴス,ルメール,3.4,2.0,0.55777967,1.896450877189636,model_20260829_214945_ef2111,1.0,finished,False,True,False
7,202605040102,2026-10-03,東京,2,２歳未勝利 出馬表,2,2,2024103406,ラルコ,田辺,16.9,5.0,0.5350021,9.041535699367522,model_20260829_214945_ef2111,4.0,finished,False,False,False
8,202605040102,2026-10-03,東京,2,２歳未勝利 出馬表,10,8,2024105882,ウイニングレイ,松岡,23.9,8.0,0.5034998,12.033645361661913,model_20260829_214945_ef2111,3.0,finished,False,True,False
9,202605040102,2026-10-03,東京,2,２歳未勝利 出馬表,1,1,2024103837,セイウンオオゾラ,大野,22.7,7.0,0.480814,10.914478024840356,model_20260829_214945_ef2111,10.0,finished,False,False,False
10,202605040102,2026-10-03,東京,2,２歳未勝利 出馬表,11,8,2024104692,スターマイン,岩田康,17.7,6.0,0.3646289,6.453931725025177,model_20260829_214945_ef2111,5.0,finished,False,False,False
11,202605040102,2026-10-03,東京,2,２歳未勝利 出馬表,9,7,2024103179,ウカテンセイ,△石神道,138.1,11.0,0.014343495,1.980836597271264,model_20260829_214945_ef2111,11.0,finished,False,False,False
1,202605040103,2026-10-03,東京,3,２歳新馬 出馬表,17,8,2024105544,バサーニオ,石橋脩,75.5,15.0,0.4343552,32.793817549943924,model_20260829_214945_ef2111,8.0,finished,True,False,False
2,202605040103,2026-10-03,東京,3,２歳新馬 出馬表,18,8,2024104383,フライングビー,津村,29.1,10.0,0.43403494,12.63041685819626,model_20260829_214945_ef2111,10.0,finished,True,False,False
3,202605040103,2026-10-03,東京,3,２歳新馬 出馬表,14,7,2024107233,ウインドピット,丹内,28.5,9.0,0.4334935,12.354564607143402,model_20260829_214945_ef2111,12.0,finished,True,False,False
4,202605040103,2026-10-03,東京,3,２歳新馬 出馬表,13,7,2024103546,サニーガッサン,丸山,85.2,18.0,0.4311383,36.73298374414444,model_20260829_214945_ef2111,13.0,finished,False,False,False
5,202605040103,2026-10-03,東京,3,２歳新馬 出馬表,9,5,2024104165,クロマメ,菅原隆,79.5,16.0,0.41441023,32.94561356306076,model_20260829_214945_ef2111,18.0,finished,False,False,False
6,202605040103,2026-10-03,東京,3,２歳新馬 出馬表,8,4,2024105931,ポッドコーディア,佐々木,8.8,3.0,0.4084261,3.594149732589722,model_20260829_214945_ef2111,4.0,finished,False,False,False
7,202605040103,2026-10-03,東京,3,２歳新馬 出馬表,6,3,2024100416,アラネア,武藤,45.3,12.0,0.39622006,17.94876863658428,model_20260829_214945_ef2111,11.0,finished,False,False,False
8,202605040103,2026-10-03,東京,3,２歳新馬 出馬表,12,6,2024106643,マデイラシトリン,ルメール,9.1,4.0,0.37588692,3.4205709457397457,model_20260829_214945_ef2111,9.0,finished,False,False,False
9,202605040103,2026-10-03,東京,3,２歳新馬 出馬表,2,1,2024106945,ソードオブステート,田辺,2.4,1.0,0.37443396,0.8986415147781371,model_20260829_214945_ef2111,1.0,finished,False,True,False
10,202605040103,2026-10-03,東京,3,２歳新馬 出馬表,11,6,2024105737,アルティマノヴァ,三浦,12.6,5.0,0.3718333,4.685099512338638,model_20260829_214945_ef2111,7.0,finished,False,False,False
11,202605040103,2026-10-03,東京,3,２歳新馬 出馬表,10,5,2024108216,イレブンローズ,横山武,25.7,8.0,0.36616683,9.410487532615662,model_20260829_214945_ef2111,15.0,finished,False,False,False
12,202605040103,2026-10-03,東京,3,２歳新馬 出馬表,7,4,2024101733,タンタフェリチア,横山和,5.2,2.0,0.35139516,1.827254831790924,model_20260829_214945_ef2111,2.0,finished,False,True,False
13,202605040103,2026-10-03,東京,3,２歳新馬 出馬表,5,3,2024103004,ローズガーデン,菊沢,39.5,11.0,0.34103122,13.47073332965374,model_20260829_214945_ef2111,16.0,finished,False,False,False
14,202605040103,2026-10-03,東京,3,２歳新馬 出馬表,4,2,2024105564,ニシノナイトライト,野中,21.5,7.0,0.3349303,7.201001465320587,model_20260829_214945_ef2111,6.0,finished,False,False,False
15,202605040103,2026-10-03,東京,3,２歳新馬 出馬表,16,8,2024104838,トモジャシャカ,◇小林美,14.2,6.0,0.33296916,4.7281620562076565,model_20260829_214945_ef2111,5.0,finished,False,False,False
16,202605040103,2026-10-03,東京,3,２歳新馬 出馬表,1,1,2024103079,リアシュアー,黛,70.2,14.0,0.3226767,22.651903527975083,model_20260829_214945_ef2111,3.0,finished,False,True,False
17,202605040103,2026-10-03,東京,3,２歳新馬 出馬表,15,7,2024102744,サツキマンボ,△石田,80.6,17.0,0.29566333,23.830464154481888,model_20260829_214945_ef2111,17.0,finished,False,False,False
18,202605040103,2026-10-03,東京,3,２歳新馬 出馬表,3,2,2024106475,アオイレイラ,△石神道,67.4,13.0,0.22512986,15.173752406239512,model_20260829_214945_ef2111,14.0,finished,False,False,False
1,202605040104,2026-10-03,東京,4,３歳以上障害ＯＰ(OP) 出馬表,6,5,2021105335,トーアマリシテン,▲土田,21.1,8.0,0.8122692,17.138880348205568,model_20260829_214945_ef2111,9.0,finished,True,False,False
2,202605040104,2026-10-03,東京,4,３歳以上障害ＯＰ(OP) 出馬表,7,6,2021103267,ブラックバラード,伴,10.2,6.0,0.8089245,8.251029860973357,model_20260829_214945_ef2111,2.0,finished,True,True,True
3,202605040104,2026-10-03,東京,4,３歳以上障害ＯＰ(OP) 出馬表,3,3,2021105007,ブライトマン,大江圭,5.1,3.0,0.76381546,3.8954588592052457,model_20260829_214945_ef2111,1.0,finished,True,True,True
4,202605040104,2026-10-03,東京,4,３歳以上障害ＯＰ(OP) 出馬表,2,2,2022103255,メイショウソウセキ,難波,9.1,5.0,0.7497799,6.822996908426284,model_20260829_214945_ef2111,11.0,finished,False,False,False
5,202605040104,2026-10-03,東京,4,３歳以上障害ＯＰ(OP) 出馬表,9,7,2021105271,サトノエピック,上野,4.1,1.0,0.7043696,2.887915378808975,model_20260829_214945_ef2111,4.0,finished,False,False,False
6,202605040104,2026-10-03,東京,4,３歳以上障害ＯＰ(OP) 出馬表,12,8,2021100148,ロードオールライト,小牧加,8.6,4.0,0.6802702,5.850323677062988,model_20260829_214945_ef2111,6.0,finished,False,False,False
7,202605040104,2026-10-03,東京,4,３歳以上障害ＯＰ(OP) 出馬表,8,6,2020100233,セイウンパシュート,五十嵐,4.5,2.0,0.64263886,2.8918748795986176,model_20260829_214945_ef2111,8.0,finished,False,False,False
8,202605040104,2026-10-03,東京,4,３歳以上障害ＯＰ(OP) 出馬表,11,8,2021106621,ハイウェイスター,中村,18.5,7.0,0.55545837,10.275979787111282,model_20260829_214945_ef2111,,did_not_finish,False,False,False
9,202605040104,2026-10-03,東京,4,３歳以上障害ＯＰ(OP) 出馬表,4,4,2022102738,エーオーキング,草野,23.1,11.0,0.3892951,8.992716836929322,model_20260829_214945_ef2111,3.0,finished,False,True,False
10,202605040104,2026-10-03,東京,4,３歳以上障害ＯＰ(OP) 出馬表,10,7,2022102728,ベイビーベリッシモ,▲小林凌,23.2,12.0,0.38751408,8.990326762199402,model_20260829_214945_ef2111,10.0,finished,False,False,False
11,202605040104,2026-10-03,東京,4,３歳以上障害ＯＰ(OP) 出馬表,1,1,2018102196,ゴールドブリーズ,▲水沼,22.1,9.0,0.3126882,6.910409256815911,model_20260829_214945_ef2111,7.0,finished,False,False,False
12,202605040104,2026-10-03,東京,4,３歳以上障害ＯＰ(OP) 出馬表,5,5,2020103507,グラニットピーク,△坂口,22.8,10.0,0.25480726,5.809605610370636,model_20260829_214945_ef2111,5.0,finished,False,False,False
1,202605040105,2026-10-03,東京,5,２歳新馬 出馬表,11,8,2024102104,セイウンウェルス,野中,41.1,7.0,0.61758024,25.38254765868187,model_20260829_214945_ef2111,10.0,finished,True,False,False
2,202605040105,2026-10-03,東京,5,２歳新馬 出馬表,10,8,2024103615,ポルターガイスト,柴田大,41.3,8.0,0.61511016,25.40404956340789,model_20260829_214945_ef2111,5.0,finished,True,False,False
3,202605040105,2026-10-03,東京,5,２歳新馬 出馬表,8,7,2024106170,ヒシホライゾン,佐々木,4.7,2.0,0.610617,2.8698998153209687,model_20260829_214945_ef2111,2.0,finished,True,True,True
4,202605040105,2026-10-03,東京,5,２歳新馬 出馬表,7,6,2024101318,アイアンマン,菊沢,43.6,9.0,0.6086526,26.53725299835205,model_20260829_214945_ef2111,11.0,finished,False,False,False
5,202605040105,2026-10-03,東京,5,２歳新馬 出馬表,6,6,2024104463,テルケンレンコール,三浦,20.1,5.0,0.60516757,12.163868111371997,model_20260829_214945_ef2111,9.0,finished,False,False,False
6,202605040105,2026-10-03,東京,5,２歳新馬 出馬表,5,5,2024103844,スキエンティア,武藤,56.4,10.0,0.6001582,33.84892330169678,model_20260829_214945_ef2111,7.0,finished,False,False,False
7,202605040105,2026-10-03,東京,5,２歳新馬 出馬表,4,4,2024102346,ビタークレス,木幡巧,64.9,11.0,0.5931661,38.49648072719575,model_20260829_214945_ef2111,8.0,finished,False,False,False
8,202605040105,2026-10-03,東京,5,２歳新馬 出馬表,2,2,2024105288,ロードディグニティ,戸崎圭,6.1,3.0,0.5803019,3.5398414731025696,model_20260829_214945_ef2111,6.0,finished,False,False,False
9,202605040105,2026-10-03,東京,5,２歳新馬 出馬表,9,7,2024104331,サラサシンシアズ,横山武,12.1,4.0,0.57543683,6.962785649299621,model_20260829_214945_ef2111,4.0,finished,False,False,False
10,202605040105,2026-10-03,東京,5,２歳新馬 出馬表,1,1,2024108375,センチュリースカイ,丹内,24.6,6.0,0.5720111,14.071473383903504,model_20260829_214945_ef2111,3.0,finished,False,True,False
11,202605040105,2026-10-03,東京,5,２歳新馬 出馬表,3,3,2024106694,ヴァルカモニカ,ルメール,1.6,1.0,0.5426784,0.8682854652404786,model_20260829_214945_ef2111,1.0,finished,False,True,False
1,202605040106,2026-10-03,東京,6,３歳以上１勝クラス 出馬表,8,4,2022105585,クラリネットソナタ,丹内,9.5,4.0,0.5412529,5.141902655363083,model_20260829_214945_ef2111,6.0,finished,True,False,False
2,202605040106,2026-10-03,東京,6,３歳以上１勝クラス 出馬表,11,6,2023107206,オーシャンステラ,横山武,11.7,5.0,0.5091954,5.957586032152175,model_20260829_214945_ef2111,5.0,finished,True,False,False
3,202605040106,2026-10-03,東京,6,３歳以上１勝クラス 出馬表,1,1,2023102592,ミヤエスケープ,菊沢,9.2,3.0,0.4988823,4.5897171020507805,model_20260829_214945_ef2111,2.0,finished,True,True,True
4,202605040106,2026-10-03,東京,6,３歳以上１勝クラス 出馬表,15,8,2023103913,オテンバプリンセス,◇小林美,5.8,2.0,0.44448486,2.578012186288833,model_20260829_214945_ef2111,3.0,finished,False,True,False
5,202605040106,2026-10-03,東京,6,３歳以上１勝クラス 出馬表,7,4,2023105429,チームユートピア,佐々木,2.3,1.0,0.4443523,1.0220102876424788,model_20260829_214945_ef2111,1.0,finished,False,True,False
6,202605040106,2026-10-03,東京,6,３歳以上１勝クラス 出馬表,14,7,2022101141,ガンバレベアー,大野,70.9,14.0,0.40849602,28.962367975711825,model_20260829_214945_ef2111,10.0,finished,False,False,False
7,202605040106,2026-10-03,東京,6,３歳以上１勝クラス 出馬表,3,2,2023103925,ケイツープラ,原,12.1,6.0,0.40586233,4.910934209823608,model_20260829_214945_ef2111,7.0,finished,False,False,False
8,202605040106,2026-10-03,東京,6,３歳以上１勝クラス 出馬表,4,2,2023100757,コウユーニポポニコ,△石田,28.6,11.0,0.3753678,10.735518807172776,model_20260829_214945_ef2111,4.0,finished,False,False,False
9,202605040106,2026-10-03,東京,6,３歳以上１勝クラス 出馬表,12,6,2022105494,フクチャンヒメ,江田照,23.5,8.0,0.35728654,8.39623375236988,model_20260829_214945_ef2111,13.0,finished,False,False,False
10,202605040106,2026-10-03,東京,6,３歳以上１勝クラス 出馬表,2,1,2022105477,デルマケセラセラ,▲上里,65.3,13.0,0.33580285,21.92792630791664,model_20260829_214945_ef2111,15.0,finished,False,False,False
11,202605040106,2026-10-03,東京,6,３歳以上１勝クラス 出馬表,6,3,2023104017,ロジザボード,戸崎圭,26.1,9.0,0.32048944,8.364774289727212,model_20260829_214945_ef2111,11.0,finished,False,False,False
12,202605040106,2026-10-03,東京,6,３歳以上１勝クラス 出馬表,13,7,2023100453,ローズブーケ,津村,16.9,7.0,0.29251784,4.9435515105724335,model_20260829_214945_ef2111,16.0,finished,False,False,False
13,202605040106,2026-10-03,東京,6,３歳以上１勝クラス 出馬表,10,5,2023107216,エジプシャンマウ,△石神道,27.4,10.0,0.24737597,6.778101444244385,model_20260829_214945_ef2111,12.0,finished,False,False,False
14,202605040106,2026-10-03,東京,6,３歳以上１勝クラス 出馬表,9,5,2021101793,オオゾラヒバリ,岩田康,52.2,12.0,0.102341145,5.342207783460617,model_20260829_214945_ef2111,8.0,finished,False,False,False
15,202605040106,2026-10-03,東京,6,３歳以上１勝クラス 出馬表,16,8,2022109052,キカオクベシ,野中,89.0,15.0,0.09119271,8.116150960326195,model_20260829_214945_ef2111,14.0,finished,False,False,False
16,202605040106,2026-10-03,東京,6,３歳以上１勝クラス 出馬表,5,3,2021103135,マナマカナ,木幡巧,114.6,16.0,0.06732871,7.715869751572608,model_20260829_214945_ef2111,9.0,finished,False,False,False
1,202605040107,2026-10-03,東京,7,３歳以上１勝クラス 出馬表,7,4,2023102633,アイアンパイク,横山典,7.0,2.0,0.7743831,5.420681893825531,model_20260829_214945_ef2111,5.0,finished,True,False,False
2,202605040107,2026-10-03,東京,7,３歳以上１勝クラス 出馬表,14,7,2023107372,ワディアルリヤハ,戸崎圭,12.1,4.0,0.74922997,9.065682607889174,model_20260829_214945_ef2111,2.0,finished,True,True,True
3,202605040107,2026-10-03,東京,7,３歳以上１勝クラス 出馬表,2,1,2023106883,グリオンヴール,ルメール,2.6,1.0,0.7251064,1.885276687145233,model_20260829_214945_ef2111,1.0,finished,True,True,True
4,202605040107,2026-10-03,東京,7,３歳以上１勝クラス 出馬表,18,8,2023107276,カフェラバー,△石神道,27.8,12.0,0.49570826,13.78068954348564,model_20260829_214945_ef2111,10.0,finished,False,False,False
5,202605040107,2026-10-03,東京,7,３歳以上１勝クラス 出馬表,10,5,2023103298,ダイユウアレグロ,田辺,16.8,8.0,0.44801268,7.526613020896912,model_20260829_214945_ef2111,13.0,finished,False,False,False
6,202605040107,2026-10-03,東京,7,３歳以上１勝クラス 出馬表,12,6,2023104412,リラ,佐々木,11.4,3.0,0.44337645,5.054491549730301,model_20260829_214945_ef2111,4.0,finished,False,False,False
7,202605040107,2026-10-03,東京,7,３歳以上１勝クラス 出馬表,9,5,2022105241,ソナタン,野中,44.9,15.0,0.3905775,17.53692952990532,model_20260829_214945_ef2111,14.0,finished,False,False,False
8,202605040107,2026-10-03,東京,7,３歳以上１勝クラス 出馬表,6,3,2023103657,ノーブルクロンヌ,丹内,16.0,7.0,0.37994224,6.079075813293457,model_20260829_214945_ef2111,7.0,finished,False,False,False
9,202605040107,2026-10-03,東京,7,３歳以上１勝クラス 出馬表,1,1,2023102182,タイキプレジール,石橋脩,21.2,9.0,0.3331986,7.063810467720032,model_20260829_214945_ef2111,12.0,finished,False,False,False
10,202605040107,2026-10-03,東京,7,３歳以上１勝クラス 出馬表,11,6,2023104991,ヘルモソブレード,杉原,68.3,18.0,0.30562824,20.874408799409867,model_20260829_214945_ef2111,17.0,finished,False,False,False
11,202605040107,2026-10-03,東京,7,３歳以上１勝クラス 出馬表,16,8,2023103487,ピエドゥラパン,津村,12.8,5.0,0.29391086,3.762059020996094,model_20260829_214945_ef2111,3.0,finished,False,True,False
12,202605040107,2026-10-03,東京,7,３歳以上１勝クラス 出馬表,13,7,2023106291,ヤジロベエバランス,▲佐藤,55.3,17.0,0.28991514,16.03230748772621,model_20260829_214945_ef2111,11.0,finished,False,False,False
13,202605040107,2026-10-03,東京,7,３歳以上１勝クラス 出馬表,8,4,2023103885,ナックホワイト,大野,21.6,10.0,0.24142925,5.214871895313263,model_20260829_214945_ef2111,6.0,finished,False,False,False
14,202605040107,2026-10-03,東京,7,３歳以上１勝クラス 出馬表,15,7,2022104757,コルチェスター,岩田康,38.5,14.0,0.18287428,7.040659673511982,model_20260829_214945_ef2111,15.0,finished,False,False,False
15,202605040107,2026-10-03,東京,7,３歳以上１勝クラス 出馬表,4,2,2021105078,アトリウムチャペル,横山和,25.4,11.0,0.16710314,4.244419795274735,model_20260829_214945_ef2111,18.0,finished,False,False,False
16,202605040107,2026-10-03,東京,7,３歳以上１勝クラス 出馬表,17,8,2022107202,ニシノイストワール,ミシェル,15.2,6.0,0.13324931,2.025389552116394,model_20260829_214945_ef2111,16.0,finished,False,False,False
17,202605040107,2026-10-03,東京,7,３歳以上１勝クラス 出馬表,5,3,2023100728,リネンタイリン,菊沢,34.3,13.0,0.07062072,2.422290801256895,model_20260829_214945_ef2111,9.0,finished,False,False,False
18,202605040107,2026-10-03,東京,7,３歳以上１勝クラス 出馬表,3,2,2020100759,アルマロクザン,▲遠藤,51.4,16.0,0.04262077,2.1907076105475425,model_20260829_214945_ef2111,8.0,finished,False,False,False
1,202605040108,2026-10-03,東京,8,３歳以上１勝クラス 出馬表,10,5,2023106052,ジーティーブラック,菊沢,10.8,2.0,0.7425951,8.02002682685852,model_20260829_214945_ef2111,12.0,finished,True,False,False
2,202605040108,2026-10-03,東京,8,３歳以上１勝クラス 出馬表,3,2,2023105077,マサッチェハマー,三浦,14.0,4.0,0.6545309,9.163432359695436,model_20260829_214945_ef2111,10.0,finished,True,False,False
3,202605040108,2026-10-03,東京,8,３歳以上１勝クラス 出馬表,2,1,2023103748,プレースメント,ルメール,1.6,1.0,0.60891193,0.974259090423584,model_20260829_214945_ef2111,9.0,finished,True,False,False
4,202605040108,2026-10-03,東京,8,３歳以上１勝クラス 出馬表,14,7,2022102769,コーシューパンジャ,☆長浜,13.4,3.0,0.5289116,7.087415313720704,model_20260829_214945_ef2111,11.0,finished,False,False,False
5,202605040108,2026-10-03,東京,8,３歳以上１勝クラス 出馬表,5,3,2022105962,エドワードバローズ,岩田康,19.9,7.0,0.5029077,10.007863098382948,model_20260829_214945_ef2111,3.0,finished,False,True,False
6,202605040108,2026-10-03,東京,8,３歳以上１勝クラス 出馬表,8,4,2023103422,ピースサイン,ミシェル,27.3,11.0,0.47097826,12.857706499099733,model_20260829_214945_ef2111,5.0,finished,False,False,False
7,202605040108,2026-10-03,東京,8,３歳以上１勝クラス 出馬表,15,8,2022102378,ファンタイムギフト,田辺,14.6,5.0,0.42917454,6.265948319435119,model_20260829_214945_ef2111,1.0,finished,False,True,False
8,202605040108,2026-10-03,東京,8,３歳以上１勝クラス 出馬表,11,6,2022100320,タキノボリ,横山和,39.4,12.0,0.3560432,14.0281016767025,model_20260829_214945_ef2111,8.0,finished,False,False,False
9,202605040108,2026-10-03,東京,8,３歳以上１勝クラス 出馬表,12,6,2022105130,スターエンブレム,内田博,19.2,6.0,0.33141878,6.363240623474121,model_20260829_214945_ef2111,2.0,finished,False,True,False
10,202605040108,2026-10-03,東京,8,３歳以上１勝クラス 出馬表,16,8,2022104967,サトノシャムロック,原,39.8,13.0,0.32054156,12.757554113864895,model_20260829_214945_ef2111,15.0,finished,False,False,False
11,202605040108,2026-10-03,東京,8,３歳以上１勝クラス 出馬表,6,3,2021105730,コッレヴェッキオ,丹内,27.3,10.0,0.2711566,7.402575427293778,model_20260829_214945_ef2111,13.0,finished,False,False,False
12,202605040108,2026-10-03,東京,8,３歳以上１勝クラス 出馬表,9,5,2023105779,カシノスパーク,△石神道,111.6,14.0,0.16502815,18.41714208126068,model_20260829_214945_ef2111,7.0,finished,False,False,False
13,202605040108,2026-10-03,東京,8,３歳以上１勝クラス 出馬表,7,4,2021100506,キングクレオール,◇小林美,22.4,8.0,0.122737914,2.749329280853271,model_20260829_214945_ef2111,4.0,finished,False,False,False
14,202605040108,2026-10-03,東京,8,３歳以上１勝クラス 出馬表,1,1,2022106545,カンレイスキー,江田照,25.2,9.0,0.07496576,1.889137154817581,model_20260829_214945_ef2111,6.0,finished,False,False,False
15,202605040108,2026-10-03,東京,8,３歳以上１勝クラス 出馬表,4,2,2020103901,ウインドワンピース,△石田,114.6,15.0,0.061583977,7.057523786276579,model_20260829_214945_ef2111,14.0,finished,False,False,False
16,202605040108,2026-10-03,東京,8,３歳以上１勝クラス 出馬表,13,7,2020100307,オブシディアン,菅原隆,156.3,16.0,0.03828528,5.983989499881864,model_20260829_214945_ef2111,16.0,finished,False,False,False
1,202605040109,2026-10-03,東京,9,八ヶ岳特別(2勝クラス) 出馬表,4,4,2022107186,フィールドノート,ルメール,3.2,1.0,0.8182376,2.6183603286743167,model_20260829_214945_ef2111,3.0,finished,True,True,True
2,202605040109,2026-10-03,東京,9,八ヶ岳特別(2勝クラス) 出馬表,8,6,2023101382,ドッグウッド,戸崎圭,11.8,7.0,0.79889864,9.427003920078278,model_20260829_214945_ef2111,2.0,finished,True,True,True
3,202605040109,2026-10-03,東京,9,八ヶ岳特別(2勝クラス) 出馬表,7,6,2023105274,ミッキージャンプ,佐々木,9.1,6.0,0.7705463,7.011971485614776,model_20260829_214945_ef2111,4.0,finished,True,False,False
4,202605040109,2026-10-03,東京,9,八ヶ岳特別(2勝クラス) 出馬表,10,7,2022105057,ノビリシマビジョン,津村,6.6,4.0,0.76015013,5.016990888118744,model_20260829_214945_ef2111,6.0,finished,False,False,False
5,202605040109,2026-10-03,東京,9,八ヶ岳特別(2勝クラス) 出馬表,11,8,2021103533,ホウオウシンデレラ,丸田,23.0,9.0,0.68469626,15.74801391363144,model_20260829_214945_ef2111,9.0,finished,False,False,False
6,202605040109,2026-10-03,東京,9,八ヶ岳特別(2勝クラス) 出馬表,3,3,2023104346,ステラスペース,武藤,17.1,8.0,0.58896273,10.071262747049332,model_20260829_214945_ef2111,8.0,finished,False,False,False
7,202605040109,2026-10-03,東京,9,八ヶ岳特別(2勝クラス) 出馬表,12,8,2022106817,マイネルアレス,石橋脩,40.3,11.0,0.5848518,23.569527596235275,model_20260829_214945_ef2111,5.0,finished,False,False,False
8,202605040109,2026-10-03,東京,9,八ヶ岳特別(2勝クラス) 出馬表,9,7,2023106433,ファムクラジューズ,菊沢,8.7,5.0,0.58442986,5.084539783000945,model_20260829_214945_ef2111,1.0,finished,False,True,False
9,202605040109,2026-10-03,東京,9,八ヶ岳特別(2勝クラス) 出馬表,2,2,2023102814,イージーライダー,横山武,6.3,3.0,0.32118893,2.023490238189697,model_20260829_214945_ef2111,7.0,finished,False,False,False
10,202605040109,2026-10-03,東京,9,八ヶ岳特別(2勝クラス) 出馬表,1,1,2017104815,ディープキング,丹内,6.3,2.0,0.18585935,1.1709139198064804,model_20260829_214945_ef2111,10.0,finished,False,False,False
11,202605040109,2026-10-03,東京,9,八ヶ岳特別(2勝クラス) 出馬表,6,5,2020106413,レッドバレンティア,原,27.5,10.0,0.057829715,1.5903171710669994,model_20260829_214945_ef2111,11.0,finished,False,False,False
12,202605040109,2026-10-03,東京,9,八ヶ岳特別(2勝クラス) 出馬表,5,5,2020101261,コスモスプモーニ,木幡巧,138.9,12.0,0.04556325,6.328735533356666,model_20260829_214945_ef2111,12.0,finished,False,False,False
1,202605040110,2026-10-03,東京,10,白秋ステークス(3勝クラス) 出馬表,5,3,2022105991,レッドキングリー,ルメール,4.0,1.0,0.70744973,2.829798936843872,model_20260829_214945_ef2111,8.0,finished,True,False,False
2,202605040110,2026-10-03,東京,10,白秋ステークス(3勝クラス) 出馬表,18,8,2022104594,ヒシアマン,大野,11.6,6.0,0.68532306,7.949747490882873,model_20260829_214945_ef2111,4.0,finished,True,False,False
3,202605040110,2026-10-03,東京,10,白秋ステークス(3勝クラス) 出馬表,17,8,2022104985,シャイフ,横山典,12.7,7.0,0.6170709,7.836800599098205,model_20260829_214945_ef2111,18.0,finished,True,False,False
4,202605040110,2026-10-03,東京,10,白秋ステークス(3勝クラス) 出馬表,12,6,2023105273,フォーゲル,池添,11.4,5.0,0.61610806,7.023631882667542,model_20260829_214945_ef2111,1.0,finished,False,True,False
5,202605040110,2026-10-03,東京,10,白秋ステークス(3勝クラス) 出馬表,9,5,2023106431,トライアンフパス,松岡,7.9,3.0,0.48046514,3.7956746369600296,model_20260829_214945_ef2111,9.0,finished,False,False,False
6,202605040110,2026-10-03,東京,10,白秋ステークス(3勝クラス) 出馬表,7,4,2021106369,チャンネルトンネル,横山武,8.2,4.0,0.45032382,3.6926553249359126,model_20260829_214945_ef2111,13.0,finished,False,False,False
7,202605040110,2026-10-03,東京,10,白秋ステークス(3勝クラス) 出馬表,2,1,2021105054,モンシュマン,岩田康,21.6,10.0,0.40352482,8.716136026382447,model_20260829_214945_ef2111,14.0,finished,False,False,False
8,202605040110,2026-10-03,東京,10,白秋ステークス(3勝クラス) 出馬表,1,1,2022102391,グーテンベルク,戸崎圭,14.0,8.0,0.40092146,5.612900495529175,model_20260829_214945_ef2111,6.0,finished,False,False,False
9,202605040110,2026-10-03,東京,10,白秋ステークス(3勝クラス) 出馬表,3,2,2021103486,ホウオウシェリー,津村,7.7,2.0,0.35674226,2.7469154238700866,model_20260829_214945_ef2111,2.0,finished,False,True,False
10,202605040110,2026-10-03,東京,10,白秋ステークス(3勝クラス) 出馬表,15,7,2020102310,キタサンダムール,原,32.3,12.0,0.3077517,9.94037943780422,model_20260829_214945_ef2111,11.0,finished,False,False,False
11,202605040110,2026-10-03,東京,10,白秋ステークス(3勝クラス) 出馬表,10,5,2021105689,エヴァンスウィート,佐々木,25.1,11.0,0.29607904,7.431583893299103,model_20260829_214945_ef2111,7.0,finished,False,False,False
12,202605040110,2026-10-03,東京,10,白秋ステークス(3勝クラス) 出馬表,11,6,2021101382,ブリックワーク,吉田豊,78.5,18.0,0.17159759,13.47041042894125,model_20260829_214945_ef2111,12.0,finished,False,False,False
13,202605040110,2026-10-03,東京,10,白秋ステークス(3勝クラス) 出馬表,6,3,2021101429,サトミノキラリ,小林美,17.2,9.0,0.17072935,2.9365448892116546,model_20260829_214945_ef2111,3.0,finished,False,True,False
14,202605040110,2026-10-03,東京,10,白秋ステークス(3勝クラス) 出馬表,13,7,2020103881,コスモサガルマータ,横山和,49.4,15.0,0.12773255,6.309987729787826,model_20260829_214945_ef2111,10.0,finished,False,False,False
15,202605040110,2026-10-03,東京,10,白秋ステークス(3勝クラス) 出馬表,4,2,2021104941,セシリエプラージュ,ミシェル,34.0,13.0,0.123241335,4.19020539522171,model_20260829_214945_ef2111,5.0,finished,False,False,False
16,202605040110,2026-10-03,東京,10,白秋ステークス(3勝クラス) 出馬表,8,4,2021105812,ビップジーニー,横山琉,56.6,17.0,0.11288792,6.389456212520599,model_20260829_214945_ef2111,16.0,finished,False,False,False
17,202605040110,2026-10-03,東京,10,白秋ステークス(3勝クラス) 出馬表,14,7,2022103754,ミストレス,古川奈,34.0,14.0,0.10266432,3.4905869364738464,model_20260829_214945_ef2111,15.0,finished,False,False,False
18,202605040110,2026-10-03,東京,10,白秋ステークス(3勝クラス) 出馬表,16,8,2018110149,コスモアディラート,柴田大,50.7,16.0,0.032092176,1.6270733423531056,model_20260829_214945_ef2111,17.0,finished,False,False,False
1,202605040111,2026-10-03,東京,11,グリーンチャンネルＣ(L) 出馬表,4,3,2022104865,ヘニーガイスト,横山武,2.4,1.0,0.7898713,1.8956910610198967,model_20260829_214945_ef2111,2.0,finished,True,True,True
2,202605040111,2026-10-03,東京,11,グリーンチャンネルＣ(L) 出馬表,3,2,2022110007,スナッピードレッサ,大野,10.9,6.0,0.77592486,8.457580989599228,model_20260829_214945_ef2111,4.0,finished,True,False,False
3,202605040111,2026-10-03,東京,11,グリーンチャンネルＣ(L) 出馬表,5,3,2023101269,ドンエレクトス,三浦,5.8,2.0,0.72082925,4.180809640884399,model_20260829_214945_ef2111,1.0,finished,True,True,True
4,202605040111,2026-10-03,東京,11,グリーンチャンネルＣ(L) 出馬表,1,1,2022100994,ルヴァレドクール,横山和,9.0,3.0,0.6659274,5.993346691131592,model_20260829_214945_ef2111,3.0,finished,False,True,False
5,202605040111,2026-10-03,東京,11,グリーンチャンネルＣ(L) 出馬表,2,2,2021104646,ジンセイ,丹内,11.5,7.0,0.5729262,6.588651567697525,model_20260829_214945_ef2111,10.0,finished,False,False,False
6,202605040111,2026-10-03,東京,11,グリーンチャンネルＣ(L) 出馬表,11,6,2021103282,ジャスティンアース,ルメール,9.0,4.0,0.5434364,4.890927672386169,model_20260829_214945_ef2111,7.0,finished,False,False,False
7,202605040111,2026-10-03,東京,11,グリーンチャンネルＣ(L) 出馬表,12,7,2022105467,マピュース,田辺,9.1,5.0,0.5376126,4.892274814844131,model_20260829_214945_ef2111,11.0,finished,False,False,False
8,202605040111,2026-10-03,東京,11,グリーンチャンネルＣ(L) 出馬表,10,6,2020106873,オウギノカナメ,菊沢,37.1,9.0,0.38778928,14.38698225915432,model_20260829_214945_ef2111,6.0,finished,False,False,False
9,202605040111,2026-10-03,東京,11,グリーンチャンネルＣ(L) 出馬表,15,8,2021105775,ルージュスタニング,岩田康,39.5,10.0,0.38475922,15.197989091277122,model_20260829_214945_ef2111,13.0,finished,False,False,False
10,202605040111,2026-10-03,東京,11,グリーンチャンネルＣ(L) 出馬表,6,4,2021103786,ヒルノドゴール,戸崎圭,60.6,13.0,0.3384212,20.50832446217537,model_20260829_214945_ef2111,8.0,finished,False,False,False
11,202605040111,2026-10-03,東京,11,グリーンチャンネルＣ(L) 出馬表,7,4,2022102493,トリリオンボーイ,津村,63.0,14.0,0.31702062,19.972299367189407,model_20260829_214945_ef2111,5.0,finished,False,False,False
12,202605040111,2026-10-03,東京,11,グリーンチャンネルＣ(L) 出馬表,14,8,2021103095,オーブルクール,石橋脩,133.9,15.0,0.25875428,34.64719851911068,model_20260829_214945_ef2111,14.0,finished,False,False,False
13,202605040111,2026-10-03,東京,11,グリーンチャンネルＣ(L) 出馬表,13,7,2020103661,フリームファクシ,ミシェル,54.9,12.0,0.17472394,9.59234420210123,model_20260829_214945_ef2111,12.0,finished,False,False,False
14,202605040111,2026-10-03,東京,11,グリーンチャンネルＣ(L) 出馬表,9,5,2018102040,ヴィヴァン,佐々木,44.0,11.0,0.1637131,7.203376293182373,model_20260829_214945_ef2111,9.0,finished,False,False,False
15,202605040111,2026-10-03,東京,11,グリーンチャンネルＣ(L) 出馬表,8,5,2022104796,メルキオル,原,29.5,8.0,0.061978057,1.8283526822924607,model_20260829_214945_ef2111,15.0,finished,False,False,False
1,202605040112,2026-10-03,東京,12,３歳以上２勝クラス 出馬表,6,3,2023103365,ヘリテージブルーム,田辺,5.8,2.0,0.7374462,4.2771878957748415,model_20260829_214945_ef2111,2.0,finished,True,True,True
2,202605040112,2026-10-03,東京,12,３歳以上２勝クラス 出馬表,8,4,2023105092,マジッククッキー,△石神道,3.5,1.0,0.7289246,2.551236003637314,model_20260829_214945_ef2111,1.0,finished,True,True,True
3,202605040112,2026-10-03,東京,12,３歳以上２勝クラス 出馬表,12,6,2023107382,ケブランリ,戸崎圭,11.7,6.0,0.72484523,8.480689197778702,model_20260829_214945_ef2111,3.0,finished,True,True,True
4,202605040112,2026-10-03,東京,12,３歳以上２勝クラス 出馬表,4,2,2022110152,レーティッシュ,横山武,7.6,3.0,0.64306116,4.887264823913574,model_20260829_214945_ef2111,9.0,finished,False,False,False
5,202605040112,2026-10-03,東京,12,３歳以上２勝クラス 出馬表,10,5,2023102743,ショーリバース,横山典,7.7,4.0,0.5370918,4.135606795549393,model_20260829_214945_ef2111,4.0,finished,False,False,False
6,202605040112,2026-10-03,東京,12,３歳以上２勝クラス 出馬表,3,2,2022104234,エムティエスターテ,大野,44.3,14.0,0.438891,19.44287101626396,model_20260829_214945_ef2111,11.0,finished,False,False,False
7,202605040112,2026-10-03,東京,12,３歳以上２勝クラス 出馬表,5,3,2022104009,トラヴェリンバンド,丹内,16.3,7.0,0.42286175,6.892646604776383,model_20260829_214945_ef2111,5.0,finished,False,False,False
8,202605040112,2026-10-03,東京,12,３歳以上２勝クラス 出馬表,1,1,2022106011,ホウオウゴールド,原,34.2,12.0,0.27898118,9.541156321763992,model_20260829_214945_ef2111,10.0,finished,False,False,False
9,202605040112,2026-10-03,東京,12,３歳以上２勝クラス 出馬表,16,8,2022104627,シホノペルフェット,◇小林美,7.8,5.0,0.27726823,2.1626922011375425,model_20260829_214945_ef2111,15.0,finished,False,False,False
10,202605040112,2026-10-03,東京,12,３歳以上２勝クラス 出馬表,13,7,2022105364,メルシージュテーム,ミシェル,19.0,8.0,0.27722335,5.2672436237335205,model_20260829_214945_ef2111,7.0,finished,False,False,False
11,202605040112,2026-10-03,東京,12,３歳以上２勝クラス 出馬表,9,5,2021102797,フィリップ,津村,43.4,13.0,0.25017568,10.857624715566637,model_20260829_214945_ef2111,12.0,finished,False,False,False
12,202605040112,2026-10-03,東京,12,３歳以上２勝クラス 出馬表,14,7,2020103189,レッドダンルース,丸山,32.0,11.0,0.15831262,5.066003799438477,model_20260829_214945_ef2111,12.0,finished,False,False,False
13,202605040112,2026-10-03,東京,12,３歳以上２勝クラス 出馬表,2,1,2021106673,エチャケナ,伊藤,29.7,9.0,0.12586096,3.7380704909563054,model_20260829_214945_ef2111,16.0,finished,False,False,False
14,202605040112,2026-10-03,東京,12,３歳以上２勝クラス 出馬表,7,4,2020103625,ゴルデールスカー,杉原,29.8,10.0,0.11626136,3.4645886182785035,model_20260829_214945_ef2111,14.0,finished,False,False,False
15,202605040112,2026-10-03,東京,12,３歳以上２勝クラス 出馬表,11,6,2020101764,トーホウキザン,☆長浜,55.5,16.0,0.08351651,4.635166212916374,model_20260829_214945_ef2111,8.0,finished,False,False,False
16,202605040112,2026-10-03,東京,12,３歳以上２勝クラス 出馬表,15,8,2020102784,タリエシン,△石田,48.3,15.0,0.03281667,1.585045201331377,model_20260829_214945_ef2111,6.0,finished,False,False,False
