race_id,course_name,race_number,race_name,bet_type,bet_type_label,selection,estimated_probability,odds_used,recovery_rate_percent,bet_type_reliability,recommendation_score,expected_profit_per_100,probability_method,is_primary_bet_type,bet_result,payout_per_100
202605040101,東京,1,２歳未勝利 出馬表,place,複勝,11,0.4616954922676086,19.2,886.4553451538086,1.0,886.4553451538086,786.4553451538086,3着内確率（モデル出力）,True,不的中,0
202605040101,東京,1,２歳未勝利 出馬表,place,複勝,7,0.4410784542560577,10.4,458.7215924263001,1.0,458.7215924263001,358.7215924263001,3着内確率（モデル出力）,True,不的中,0
202605040101,東京,1,２歳未勝利 出馬表,wide,ワイド,11-13,0.0811166178433918,49.2,399.0937597894881,0.85,339.22969582106487,299.0937597894881,Plackett-Luce近似,True,不的中,0
202605040101,東京,1,２歳未勝利 出馬表,place,複勝,2,0.2595846951007843,7.7,199.8802152276039,1.0,199.8802152276039,99.88021522760393,3着内確率（モデル出力）,True,不的中,0
202605040101,東京,1,２歳未勝利 出馬表,place,複勝,3,0.4174568355083465,4.7,196.2047126889229,1.0,196.2047126889229,96.20471268892292,3着内確率（モデル出力）,True,不的中,0
202605040101,東京,1,２歳未勝利 出馬表,place,複勝,8,0.342872142791748,5.5,188.57967853546145,1.0,188.57967853546145,88.57967853546143,3着内確率（モデル出力）,True,不的中,0
202605040101,東京,1,２歳未勝利 出馬表,place,複勝,10,0.7642830014228821,2.4,183.4279203414917,1.0,183.4279203414917,83.4279203414917,3着内確率（モデル出力）,True,不的中,0
202605040101,東京,1,２歳未勝利 出馬表,place,複勝,6,0.2603176534175873,4.5,117.14294403791428,1.0,117.14294403791428,17.142944037914276,3着内確率（モデル出力）,True,不的中,0
202605040101,東京,1,２歳未勝利 出馬表,bracket_quinella,枠連,5-6,0.0503490152148473,134.2,675.683784183251,0.7,472.9786489282756,575.683784183251,Plackett-Luce近似（枠集計）,False,不的中,0
202605040101,東京,1,２歳未勝利 出馬表,bracket_quinella,枠連,4-6,0.0611328302500717,106.2,649.2306572557615,0.7,454.461460079033,549.2306572557615,Plackett-Luce近似（枠集計）,False,不的中,0
202605040101,東京,1,２歳未勝利 出馬表,bracket_quinella,枠連,2-6,0.0589143518832159,81.3,478.97368081054594,0.7,335.28157656738216,378.97368081054594,Plackett-Luce近似（枠集計）,False,不的中,0
202605040101,東京,1,２歳未勝利 出馬表,win,単勝,10,0.1372201768095453,18.2,249.74072179337256,0.75,187.3055413450294,149.74072179337256,Plackett-Luce近似,False,不的中,0
202605040101,東京,1,２歳未勝利 出馬表,bracket_quinella,枠連,3-6,0.0579173303309873,31.3,181.2812439359905,0.7,126.89687075519332,81.28124393599049,Plackett-Luce近似（枠集計）,False,不的中,0
202605040101,東京,1,２歳未勝利 出馬表,bracket_quinella,枠連,4-7,0.0505650237596894,31.0,156.7515736550372,0.7,109.72610155852604,56.75157365503719,Plackett-Luce近似（枠集計）,False,不的中,0
202605040102,東京,2,２歳未勝利 出馬表,place,複勝,7,0.6151202321052551,11.3,695.0858622789383,1.0,695.0858622789383,595.0858622789383,3着内確率（モデル出力）,True,不的中,0
202605040102,東京,2,２歳未勝利 出馬表,wide,ワイド,6-7,0.1015452290501314,48.8,495.5407177646415,0.85,421.2096100999453,395.5407177646415,Plackett-Luce近似,True,不的中,0
202605040102,東京,2,２歳未勝利 出馬表,wide,ワイド,7-8,0.0855380551963527,55.1,471.3146841319037,0.85,400.61748151211816,371.3146841319037,Plackett-Luce近似,True,不的中,0
202605040102,東京,2,２歳未勝利 出馬表,place,複勝,5,0.6100289821624756,5.3,323.31536054611206,1.0,323.31536054611206,223.3153605461121,3着内確率（モデル出力）,True,不的中,0
202605040102,東京,2,２歳未勝利 出馬表,place,複勝,10,0.5034998059272766,3.9,196.36492431163788,1.0,196.36492431163788,96.36492431163788,3着内確率（モデル出力）,True,的中,390
202605040102,東京,2,２歳未勝利 出馬表,place,複勝,2,0.5350021123886108,3.6,192.6007604598999,1.0,192.6007604598999,92.6007604598999,3着内確率（モデル出力）,True,不的中,0
202605040102,東京,2,２歳未勝利 出馬表,wide,ワイド,5-8,0.0848484023315061,26.0,220.60584606191605,0.85,187.51496915262865,120.60584606191604,Plackett-Luce近似,True,不的中,0
202605040102,東京,2,２歳未勝利 出馬表,place,複勝,1,0.4808140099048614,3.8,182.70932376384727,1.0,182.70932376384727,82.70932376384735,3着内確率（モデル出力）,True,不的中,0
202605040102,東京,2,２歳未勝利 出馬表,place,複勝,3,0.5807136297225952,1.9,110.33558964729308,1.0,110.33558964729308,10.33558964729309,3着内確率（モデル出力）,True,不的中,0
202605040102,東京,2,２歳未勝利 出馬表,wide,ワイド,5-6,0.1007313439555673,12.7,127.92880682357048,0.85,108.73948580003491,27.928806823570483,Plackett-Luce近似,True,不的中,0
202605040102,東京,2,２歳未勝利 出馬表,win,単勝,7,0.1060064527384363,75.5,800.3487181751944,0.75,600.2615386313959,700.3487181751944,Plackett-Luce近似,False,不的中,0
202605040102,東京,2,２歳未勝利 出馬表,win,単勝,5,0.1051290546002029,44.5,467.8242929709032,0.75,350.86821972817745,367.8242929709032,Plackett-Luce近似,False,不的中,0
202605040102,東京,2,２歳未勝利 出馬表,bracket_quinella,枠連,5-6,0.0596830745859866,41.9,250.0720825152841,0.7,175.05045776069886,150.0720825152841,Plackett-Luce近似（枠集計）,False,不的中,0
202605040102,東京,2,２歳未勝利 出馬表,bracket_quinella,枠連,3-6,0.056657616980339,28.6,162.0407845637695,0.7,113.42854919463866,62.040784563769535,Plackett-Luce近似（枠集計）,False,不的中,0
202605040103,東京,3,２歳新馬 出馬表,place,複勝,13,0.4311383068561554,15.8,681.1985248327255,1.0,681.1985248327255,581.1985248327255,3着内確率（モデル出力）,True,不的中,0
202605040103,東京,3,２歳新馬 出馬表,place,複勝,17,0.4343551993370056,13.3,577.6924151182176,1.0,577.6924151182176,477.6924151182176,3着内確率（モデル出力）,True,不的中,0
202605040103,東京,3,２歳新馬 出馬表,place,複勝,9,0.4144102334976196,12.3,509.72458720207214,1.0,509.72458720207214,409.72458720207214,3着内確率（モデル出力）,True,不的中,0
202605040103,東京,3,２歳新馬 出馬表,place,複勝,1,0.3226766884326935,11.7,377.5317254662514,1.0,377.5317254662514,277.5317254662514,3着内確率（モデル出力）,True,的中,2330
202605040103,東京,3,２歳新馬 出馬表,place,複勝,15,0.2956633269786834,10.7,316.3597598671913,1.0,316.3597598671913,216.3597598671913,3着内確率（モデル出力）,True,不的中,0
202605040103,東京,3,２歳新馬 出馬表,place,複勝,18,0.4340349435806274,7.1,308.1648099422455,1.0,308.1648099422455,208.16480994224548,3着内確率（モデル出力）,True,不的中,0
202605040103,東京,3,２歳新馬 出馬表,place,複勝,6,0.3962200582027435,7.5,297.16504365205765,1.0,297.16504365205765,197.16504365205765,3着内確率（モデル出力）,True,不的中,0
202605040103,東京,3,２歳新馬 出馬表,place,複勝,5,0.3410312235355377,6.3,214.8496708273888,1.0,214.8496708273888,114.84967082738876,3着内確率（モデル出力）,True,不的中,0
202605040103,東京,3,２歳新馬 出馬表,place,複勝,14,0.4334934949874878,4.6,199.4070076942444,1.0,199.4070076942444,99.40700769424438,3着内確率（モデル出力）,True,不的中,0
202605040103,東京,3,２歳新馬 出馬表,place,複勝,4,0.3349303007125854,4.1,137.32142329216,1.0,137.32142329216,37.321423292160006,3着内確率（モデル出力）,True,不的中,0
202605040103,東京,3,２歳新馬 出馬表,place,複勝,10,0.3661668300628662,3.6,131.82005882263184,1.0,131.82005882263184,31.82005882263184,3着内確率（モデル出力）,True,不的中,0
202605040103,東京,3,２歳新馬 出馬表,place,複勝,11,0.3718332946300506,3.2,118.9866542816162,1.0,118.9866542816162,18.98665428161621,3着内確率（モデル出力）,True,不的中,0
202605040103,東京,3,２歳新馬 出馬表,place,複勝,8,0.4084261059761047,2.8,114.35930967330933,1.0,114.35930967330933,14.359309673309312,3着内確率（モデル出力）,True,不的中,0
202605040103,東京,3,２歳新馬 出馬表,bracket_quinella,枠連,7-8,0.0672217972241125,46.9,315.2702289810878,0.7,220.68916028676148,215.27022898108785,Plackett-Luce近似（枠集計）,False,不的中,0
202605040104,東京,4,３歳以上障害ＯＰ(OP) 出馬表,place,複勝,6,0.8122692108154297,5.0,406.1346054077149,1.0,406.1346054077149,306.13460540771484,3着内確率（モデル出力）,True,不的中,0
202605040104,東京,4,３歳以上障害ＯＰ(OP) 出馬表,place,複勝,7,0.8089244961738586,3.4,275.03432869911194,1.0,275.03432869911194,175.03432869911194,3着内確率（モデル出力）,True,的中,240
202605040104,東京,4,３歳以上障害ＯＰ(OP) 出馬表,place,複勝,4,0.3892951011657715,4.7,182.9686975479126,1.0,182.9686975479126,82.9686975479126,3着内確率（モデル出力）,True,的中,840
202605040104,東京,4,３歳以上障害ＯＰ(OP) 出馬表,place,複勝,10,0.3875140845775604,4.5,174.3813380599022,1.0,174.3813380599022,74.38133805990219,3着内確率（モデル出力）,True,不的中,0
202605040104,東京,4,３歳以上障害ＯＰ(OP) 出馬表,place,複勝,2,0.7497798800468445,2.2,164.9515736103058,1.0,164.9515736103058,64.95157361030579,3着内確率（モデル出力）,True,不的中,0
202605040104,東京,4,３歳以上障害ＯＰ(OP) 出馬表,place,複勝,3,0.7638154625892639,2.1,160.40124714374545,1.0,160.40124714374545,60.40124714374545,3着内確率（モデル出力）,True,的中,170
202605040104,東京,4,３歳以上障害ＯＰ(OP) 出馬表,place,複勝,1,0.3126882016658783,5.1,159.4709828495979,1.0,159.4709828495979,59.4709828495979,3着内確率（モデル出力）,True,不的中,0
202605040104,東京,4,３歳以上障害ＯＰ(OP) 出馬表,place,複勝,11,0.5554583668708801,2.7,149.97375905513763,1.0,149.97375905513763,49.973759055137634,3着内確率（モデル出力）,True,不的中,0
202605040104,東京,4,３歳以上障害ＯＰ(OP) 出馬表,place,複勝,12,0.6802701950073242,2.2,149.65944290161136,1.0,149.65944290161136,49.65944290161136,3着内確率（モデル出力）,True,不的中,0
202605040104,東京,4,３歳以上障害ＯＰ(OP) 出馬表,wide,ワイド,3-6,0.0816362518438634,20.1,164.08886620616562,0.85,139.47553627524078,64.08886620616562,Plackett-Luce近似,True,不的中,0
202605040104,東京,4,３歳以上障害ＯＰ(OP) 出馬表,wide,ワイド,6-7,0.0863022316445273,18.2,157.07006159303978,0.85,133.5095523540838,57.07006159303978,Plackett-Luce近似,True,不的中,0
202605040104,東京,4,３歳以上障害ＯＰ(OP) 出馬表,place,複勝,9,0.7043696045875549,1.7,119.74283277988434,1.0,119.74283277988434,19.74283277988434,3着内確率（モデル出力）,True,不的中,0
202605040104,東京,4,３歳以上障害ＯＰ(OP) 出馬表,wide,ワイド,2-6,0.0801785240419522,15.5,124.27671226502592,0.85,105.63520542527203,24.27671226502592,Plackett-Luce近似,True,不的中,0
202605040104,東京,4,３歳以上障害ＯＰ(OP) 出馬表,win,単勝,6,0.1150224696623591,21.0,241.54718629095424,0.75,181.16038971821567,141.54718629095422,Plackett-Luce近似,False,不的中,0
202605040104,東京,4,３歳以上障害ＯＰ(OP) 出馬表,bracket_quinella,枠連,5-8,0.0583014370098169,27.2,158.57990866670218,0.7,111.00593606669152,58.57990866670218,Plackett-Luce近似（枠集計）,False,不的中,0
202605040104,東京,4,３歳以上障害ＯＰ(OP) 出馬表,bracket_quinella,枠連,5-7,0.0513985445176939,27.0,138.77607019777375,0.7,97.14324913844162,38.77607019777375,Plackett-Luce近似（枠集計）,False,不的中,0
202605040104,東京,4,３歳以上障害ＯＰ(OP) 出馬表,bracket_quinella,枠連,5-6,0.0690857413369034,18.3,126.42690664653324,0.7,88.49883465257327,26.42690664653324,Plackett-Luce近似（枠集計）,False,不的中,0
202605040104,東京,4,３歳以上障害ＯＰ(OP) 出馬表,win,単勝,7,0.1145488368651697,9.9,113.40334849651803,0.75,85.05251137238852,13.403348496518037,Plackett-Luce近似,False,不的中,0
202605040105,東京,5,２歳新馬 出馬表,place,複勝,4,0.5931661128997803,6.7,397.4212956428528,1.0,397.4212956428528,297.4212956428528,3着内確率（モデル出力）,True,不的中,0
202605040105,東京,5,２歳新馬 出馬表,place,複勝,5,0.6001582145690918,6.0,360.0949287414551,1.0,360.0949287414551,260.0949287414551,3着内確率（モデル出力）,True,不的中,0
202605040105,東京,5,２歳新馬 出馬表,place,複勝,11,0.617580235004425,5.5,339.6691292524338,1.0,339.6691292524338,239.6691292524337,3着内確率（モデル出力）,True,不的中,0
202605040105,東京,5,２歳新馬 出馬表,place,複勝,7,0.6086525917053223,4.9,298.239769935608,1.0,298.239769935608,198.239769935608,3着内確率（モデル出力）,True,不的中,0
202605040105,東京,5,２歳新馬 出馬表,place,複勝,10,0.6151101589202881,4.1,252.1951651573181,1.0,252.1951651573181,152.1951651573181,3着内確率（モデル出力）,True,不的中,0
202605040105,東京,5,２歳新馬 出馬表,place,複勝,6,0.60516756772995,2.8,169.446918964386,1.0,169.446918964386,69.44691896438599,3着内確率（モデル出力）,True,不的中,0
202605040105,東京,5,２歳新馬 出馬表,place,複勝,1,0.5720111131668091,2.8,160.16311168670654,1.0,160.16311168670654,60.16311168670654,3着内確率（モデル出力）,True,的中,220
202605040105,東京,5,２歳新馬 出馬表,bracket_quinella,枠連,6-8,0.0776604983441274,83.4,647.6885561900231,0.7,453.3819893330161,547.6885561900231,Plackett-Luce近似（枠集計）,False,不的中,0
202605040105,東京,5,２歳新馬 出馬表,bracket_quinella,枠連,6-7,0.0745788602591536,26.0,193.9050366737996,0.7,135.73352567165966,93.90503667379954,Plackett-Luce近似（枠集計）,False,不的中,0
202605040105,東京,5,２歳新馬 出馬表,bracket_quinella,枠連,7-8,0.0757988376350868,18.2,137.953884495858,0.7,96.5677191471006,37.953884495858006,Plackett-Luce近似（枠集計）,False,不的中,0
202605040106,東京,6,３歳以上１勝クラス 出馬表,place,複勝,14,0.4084960222244262,10.6,433.0057835578918,1.0,433.0057835578918,333.0057835578918,3着内確率（モデル出力）,True,不的中,0
202605040106,東京,6,３歳以上１勝クラス 出馬表,place,複勝,2,0.3358028531074524,10.7,359.30905282497406,1.0,359.30905282497406,259.30905282497406,3着内確率（モデル出力）,True,不的中,0
202605040106,東京,6,３歳以上１勝クラス 出馬表,place,複勝,4,0.3753677904605865,4.6,172.6691836118698,1.0,172.6691836118698,72.66918361186981,3着内確率（モデル出力）,True,不的中,0
202605040106,東京,6,３歳以上１勝クラス 出馬表,place,複勝,8,0.5412529110908508,3.1,167.78840243816376,1.0,167.78840243816376,67.78840243816376,3着内確率（モデル出力）,True,不的中,0
202605040106,東京,6,３歳以上１勝クラス 出馬表,place,複勝,11,0.5091953873634338,3.0,152.75861620903015,1.0,152.75861620903015,52.75861620903015,3着内確率（モデル出力）,True,不的中,0
202605040106,東京,6,３歳以上１勝クラス 出馬表,place,複勝,6,0.3204894363880157,4.6,147.42514073848722,1.0,147.42514073848722,47.425140738487215,3着内確率（モデル出力）,True,不的中,0
202605040106,東京,6,３歳以上１勝クラス 出馬表,place,複勝,12,0.3572865426540375,3.2,114.331693649292,1.0,114.331693649292,14.331693649291992,3着内確率（モデル出力）,True,不的中,0
202605040106,東京,6,３歳以上１勝クラス 出馬表,bracket_quinella,枠連,1-6,0.0531457582733352,21.3,113.20046512220404,0.7,79.24032558554283,13.20046512220405,Plackett-Luce近似（枠集計）,False,不的中,0
202605040107,東京,7,３歳以上１勝クラス 出馬表,place,複勝,11,0.30562824010849,15.5,473.7237721681595,1.0,473.7237721681595,373.7237721681595,3着内確率（モデル出力）,True,不的中,0
202605040107,東京,7,３歳以上１勝クラス 出馬表,place,複勝,9,0.390577495098114,10.3,402.2948199510575,1.0,402.2948199510575,302.2948199510575,3着内確率（モデル出力）,True,不的中,0
202605040107,東京,7,３歳以上１勝クラス 出馬表,place,複勝,13,0.2899151444435119,10.8,313.1083559989929,1.0,313.1083559989929,213.1083559989929,3着内確率（モデル出力）,True,不的中,0
202605040107,東京,7,３歳以上１勝クラス 出馬表,place,複勝,18,0.4957082569599151,6.1,302.38203674554825,1.0,302.38203674554825,202.38203674554825,3着内確率（モデル出力）,True,不的中,0
202605040107,東京,7,３歳以上１勝クラス 出馬表,place,複勝,14,0.7492299675941467,2.9,217.27669060230247,1.0,217.27669060230247,117.27669060230252,3着内確率（モデル出力）,True,的中,180
202605040107,東京,7,３歳以上１勝クラス 出馬表,place,複勝,10,0.4480126798152923,4.4,197.12557911872867,1.0,197.12557911872867,97.12557911872868,3着内確率（モデル出力）,True,不的中,0
202605040107,東京,7,３歳以上１勝クラス 出馬表,place,複勝,7,0.7743831276893616,2.3,178.10811936855316,1.0,178.10811936855316,78.10811936855316,3着内確率（モデル出力）,True,不的中,0
202605040107,東京,7,３歳以上１勝クラス 出馬表,place,複勝,12,0.4433764517307281,3.5,155.18175810575485,1.0,155.18175810575485,55.18175810575485,3着内確率（モデル出力）,True,不的中,0
202605040107,東京,7,３歳以上１勝クラス 出馬表,place,複勝,1,0.333198606967926,3.9,129.94745671749115,1.0,129.94745671749115,29.94745671749115,3着内確率（モデル出力）,True,不的中,0
202605040107,東京,7,３歳以上１勝クラス 出馬表,place,複勝,6,0.379942238330841,3.2,121.58151626586915,1.0,121.58151626586915,21.581516265869155,3着内確率（モデル出力）,True,不的中,0
202605040107,東京,7,３歳以上１勝クラス 出馬表,bracket_quinella,枠連,5-7,0.053064307931561,42.3,224.4620225505033,0.7,157.12341578535234,124.46202255050336,Plackett-Luce近似（枠集計）,False,不的中,0
202605040107,東京,7,３歳以上１勝クラス 出馬表,win,単勝,14,0.115856357373908,12.7,147.1375738648632,0.75,110.3531803986474,47.13757386486319,Plackett-Luce近似,False,不的中,0
202605040107,東京,7,３歳以上１勝クラス 出馬表,bracket_quinella,枠連,4-7,0.0655613501146734,19.0,124.56656521787954,0.7,87.19659565251567,24.566565217879543,Plackett-Luce近似（枠集計）,False,不的中,0
202605040108,東京,8,３歳以上１勝クラス 出馬表,place,複勝,8,0.4709782600402832,4.5,211.94021701812744,1.0,211.94021701812744,111.94021701812744,3着内確率（モデル出力）,True,不的中,0
202605040108,東京,8,３歳以上１勝クラス 出馬表,place,複勝,10,0.7425950765609741,2.6,193.07471990585327,1.0,193.07471990585327,93.07471990585329,3着内確率（モデル出力）,True,不的中,0
202605040108,東京,8,３歳以上１勝クラス 出馬表,place,複勝,3,0.6545308828353882,2.7,176.72333836555484,1.0,176.72333836555484,76.72333836555484,3着内確率（モデル出力）,True,不的中,0
202605040108,東京,8,３歳以上１勝クラス 出馬表,place,複勝,11,0.3560431897640228,4.7,167.34029918909073,1.0,167.34029918909073,67.34029918909073,3着内確率（モデル出力）,True,不的中,0
202605040108,東京,8,３歳以上１勝クラス 出馬表,place,複勝,5,0.5029076933860779,3.1,155.90138494968414,1.0,155.90138494968414,55.90138494968414,3着内確率（モデル出力）,True,的中,870
202605040108,東京,8,３歳以上１勝クラス 出馬表,place,複勝,6,0.2711566090583801,5.6,151.84770107269284,1.0,151.84770107269284,51.84770107269284,3着内確率（モデル出力）,True,不的中,0
202605040108,東京,8,３歳以上１勝クラス 出馬表,place,複勝,15,0.429174542427063,3.4,145.91934442520142,1.0,145.91934442520142,45.919344425201416,3着内確率（モデル出力）,True,的中,750
202605040108,東京,8,３歳以上１勝クラス 出馬表,place,複勝,16,0.3205415606498718,4.2,134.62745547294617,1.0,134.62745547294617,34.62745547294617,3着内確率（モデル出力）,True,不的中,0
202605040108,東京,8,３歳以上１勝クラス 出馬表,place,複勝,14,0.5289115905761719,2.3,121.64966583251952,1.0,121.64966583251952,21.64966583251953,3着内確率（モデル出力）,True,不的中,0
202605040108,東京,8,３歳以上１勝クラス 出馬表,wide,ワイド,3-10,0.0971911895743343,12.5,121.4889869679179,0.85,103.2656389227302,21.488986967917896,Plackett-Luce近似,True,不的中,0
202605040108,東京,8,３歳以上１勝クラス 出馬表,win,単勝,3,0.1152389522305501,13.2,152.1154169443262,0.75,114.08656270824466,52.1154169443262,Plackett-Luce近似,False,不的中,0
202605040108,東京,8,３歳以上１勝クラス 出馬表,win,単勝,10,0.1307438362323597,10.5,137.28102804397773,0.75,102.9607710329833,37.28102804397773,Plackett-Luce近似,False,不的中,0
202605040109,東京,9,八ヶ岳特別(2勝クラス) 出馬表,place,複勝,3,0.588962733745575,5.5,323.9295035600662,1.0,323.9295035600662,223.92950356006625,3着内確率（モデル出力）,True,不的中,0
202605040109,東京,9,八ヶ岳特別(2勝クラス) 出馬表,place,複勝,12,0.5848518013954163,5.4,315.8199727535248,1.0,315.8199727535248,215.8199727535248,3着内確率（モデル出力）,True,不的中,0
202605040109,東京,9,八ヶ岳特別(2勝クラス) 出馬表,wide,ワイド,8-12,0.081602995943662,39.3,320.69977405859163,0.85,272.5948079498029,220.69977405859163,Plackett-Luce近似,True,不的中,0
202605040109,東京,9,八ヶ岳特別(2勝クラス) 出馬表,place,複勝,8,0.7988986372947693,2.5,199.72465932369232,1.0,199.72465932369232,99.72465932369232,3着内確率（モデル出力）,True,的中,260
202605040109,東京,9,八ヶ岳特別(2勝クラス) 出馬表,place,複勝,7,0.7705463171005249,2.4,184.93111610412595,1.0,184.93111610412595,84.93111610412595,3着内確率（モデル出力）,True,不的中,0
202605040109,東京,9,八ヶ岳特別(2勝クラス) 出馬表,wide,ワイド,8-11,0.0951586692900112,22.3,212.203832516725,0.85,180.37325763921623,112.203832516725,Plackett-Luce近似,True,不的中,0
202605040109,東京,9,八ヶ岳特別(2勝クラス) 出馬表,wide,ワイド,4-12,0.0835075350421717,25.2,210.43898830627285,0.85,178.8731400603319,110.43898830627283,Plackett-Luce近似,True,不的中,0
202605040109,東京,9,八ヶ岳特別(2勝クラス) 出馬表,place,複勝,9,0.5844298601150513,2.6,151.95176362991333,1.0,151.95176362991333,51.95176362991333,3着内確率（モデル出力）,True,的中,250
202605040109,東京,9,八ヶ岳特別(2勝クラス) 出馬表,wide,ワイド,3-8,0.0821646293109052,20.9,171.72407525979204,0.85,145.96546397082324,71.72407525979204,Plackett-Luce近似,True,不的中,0
202605040109,東京,9,八ヶ岳特別(2勝クラス) 出馬表,place,複勝,11,0.6846962571144104,2.1,143.78621399402618,1.0,143.78621399402618,43.78621399402618,3着内確率（モデル出力）,True,不的中,0
202605040109,東京,9,八ヶ岳特別(2勝クラス) 出馬表,place,複勝,10,0.760150134563446,1.6,121.62402153015135,1.0,121.62402153015135,21.624021530151367,3着内確率（モデル出力）,True,不的中,0
202605040109,東京,9,八ヶ岳特別(2勝クラス) 出馬表,wide,ワイド,7-11,0.0919040584827952,14.8,136.01800655453692,0.85,115.6153055713564,36.018006554536925,Plackett-Luce近似,True,不的中,0
202605040109,東京,9,八ヶ岳特別(2勝クラス) 出馬表,wide,ワイド,10-11,0.0907065515322192,14.7,133.33863075236223,0.85,113.3378361395079,33.338630752362235,Plackett-Luce近似,True,不的中,0
202605040109,東京,9,八ヶ岳特別(2勝クラス) 出馬表,wide,ワイド,8-10,0.1052667148115808,11.8,124.21472347766536,0.85,105.58251495601556,24.21472347766536,Plackett-Luce近似,True,不的中,0
202605040109,東京,9,八ヶ岳特別(2勝クラス) 出馬表,wide,ワイド,8-9,0.081545334975269,13.9,113.34801561562392,0.85,96.34581327328031,13.348015615623908,Plackett-Luce近似,True,的中,1100
202605040109,東京,9,八ヶ岳特別(2勝クラス) 出馬表,bracket_quinella,枠連,6-8,0.1170904004608539,28.5,333.7076413134336,0.7,233.5953489194035,233.7076413134336,Plackett-Luce近似（枠集計）,False,不的中,0
202605040109,東京,9,八ヶ岳特別(2勝クラス) 出馬表,win,単勝,11,0.1104132500605995,21.6,238.4926201308949,0.75,178.86946509817122,138.49262013089495,Plackett-Luce近似,False,不的中,0
202605040109,東京,9,八ヶ岳特別(2勝クラス) 出馬表,bracket_quinella,枠連,3-6,0.0540803998938738,37.8,204.42391159884303,0.7,143.09673811919012,104.42391159884306,Plackett-Luce近似（枠集計）,False,不的中,0
202605040109,東京,9,八ヶ岳特別(2勝クラス) 出馬表,bracket_quinella,枠連,4-8,0.0612365177011597,33.1,202.6928735908388,0.7,141.8850115135871,102.69287359083872,Plackett-Luce近似（枠集計）,False,不的中,0
202605040109,東京,9,八ヶ岳特別(2勝クラス) 出馬表,bracket_quinella,枠連,7-8,0.0993938603093894,19.9,197.7937820156849,0.7,138.45564741097942,97.79378201568493,Plackett-Luce近似（枠集計）,False,不的中,0
202605040109,東京,9,八ヶ岳特別(2勝クラス) 出馬表,win,単勝,8,0.1288293810520423,11.6,149.44208202036913,0.75,112.08156151527685,49.44208202036913,Plackett-Luce近似,False,不的中,0
202605040109,東京,9,八ヶ岳特別(2勝クラス) 出馬表,win,単勝,7,0.1242573218551681,9.0,111.83158966965136,0.75,83.87369225223851,11.83158966965135,Plackett-Luce近似,False,不的中,0
202605040110,東京,10,白秋ステークス(3勝クラス) 出馬表,place,複勝,12,0.6161080598831177,5.2,320.3761911392212,1.0,320.3761911392212,220.3761911392212,3着内確率（モデル出力）,True,的中,450
202605040110,東京,10,白秋ステークス(3勝クラス) 出馬表,place,複勝,17,0.6170709133148193,3.5,215.9748196601868,1.0,215.9748196601868,115.97481966018675,3着内確率（モデル出力）,True,不的中,0
202605040110,東京,10,白秋ステークス(3勝クラス) 出馬表,place,複勝,2,0.4035248160362243,5.2,209.83290433883667,1.0,209.83290433883667,109.83290433883668,3着内確率（モデル出力）,True,不的中,0
202605040110,東京,10,白秋ステークス(3勝クラス) 出馬表,place,複勝,18,0.6853230595588684,3.0,205.5969178676605,1.0,205.5969178676605,105.59691786766052,3着内確率（モデル出力）,True,不的中,0
202605040110,東京,10,白秋ステークス(3勝クラス) 出馬表,place,複勝,15,0.3077516853809356,6.4,196.96107864379883,1.0,196.96107864379883,96.96107864379884,3着内確率（モデル出力）,True,不的中,0
202605040110,東京,10,白秋ステークス(3勝クラス) 出馬表,place,複勝,9,0.4804651439189911,3.3,158.55349749326706,1.0,158.55349749326706,58.55349749326706,3着内確率（モデル出力）,True,不的中,0
202605040110,東京,10,白秋ステークス(3勝クラス) 出馬表,place,複勝,1,0.4009214639663696,3.7,148.3409416675568,1.0,148.3409416675568,48.34094166755679,3着内確率（モデル出力）,True,不的中,0
202605040110,東京,10,白秋ステークス(3勝クラス) 出馬表,place,複勝,10,0.2960790395736694,4.9,145.07872939109802,1.0,145.07872939109802,45.07872939109802,3着内確率（モデル出力）,True,不的中,0
202605040110,東京,10,白秋ステークス(3勝クラス) 出馬表,bracket_quinella,枠連,6-8,0.0611394731328873,35.0,213.9881559651056,0.7,149.79170917557389,113.98815596510556,Plackett-Luce近似（枠集計）,False,不的中,0
202605040110,東京,10,白秋ステークス(3勝クラス) 出馬表,bracket_quinella,枠連,1-8,0.061780376826059,24.9,153.83313829688694,0.7,107.68319680782083,53.83313829688694,Plackett-Luce近似（枠集計）,False,不的中,0
202605040110,東京,10,白秋ステークス(3勝クラス) 出馬表,win,単勝,18,0.1112049065151322,11.4,126.7735934272508,0.75,95.0801950704381,26.7735934272508,Plackett-Luce近似,False,不的中,0
202605040110,東京,10,白秋ステークス(3勝クラス) 出馬表,win,単勝,17,0.1001298763718124,12.6,126.16364422848376,0.75,94.6227331713628,26.163644228483747,Plackett-Luce近似,False,不的中,0
202605040110,東京,10,白秋ステークス(3勝クラス) 出馬表,bracket_quinella,枠連,5-8,0.0596848335668683,19.7,117.57912212673064,0.7,82.30538548871145,17.579122126730653,Plackett-Luce近似（枠集計）,False,不的中,0
202605040111,東京,11,グリーンチャンネルＣ(L) 出馬表,place,複勝,14,0.2587542831897735,21.1,545.9715375304222,1.0,545.9715375304222,445.9715375304222,3着内確率（モデル出力）,True,不的中,0
202605040111,東京,11,グリーンチャンネルＣ(L) 出馬表,place,複勝,6,0.3384211957454681,11.4,385.8001631498337,1.0,385.8001631498337,285.8001631498337,3着内確率（モデル出力）,True,不的中,0
202605040111,東京,11,グリーンチャンネルＣ(L) 出馬表,place,複勝,7,0.3170206248760223,10.5,332.87165611982346,1.0,332.87165611982346,232.87165611982343,3着内確率（モデル出力）,True,不的中,0
202605040111,東京,11,グリーンチャンネルＣ(L) 出馬表,place,複勝,10,0.3877892792224884,5.9,228.7956747412682,1.0,228.7956747412682,128.7956747412682,3着内確率（モデル出力）,True,不的中,0
202605040111,東京,11,グリーンチャンネルＣ(L) 出馬表,place,複勝,15,0.3847592175006866,5.9,227.00793832540515,1.0,227.00793832540515,127.00793832540516,3着内確率（モデル出力）,True,不的中,0
202605040111,東京,11,グリーンチャンネルＣ(L) 出馬表,place,複勝,3,0.7759248614311218,2.7,209.4997125864029,1.0,209.4997125864029,109.49971258640292,3着内確率（モデル出力）,True,不的中,0
202605040111,東京,11,グリーンチャンネルＣ(L) 出馬表,place,複勝,2,0.5729262232780457,3.3,189.06565368175507,1.0,189.06565368175507,89.06565368175507,3着内確率（モデル出力）,True,不的中,0
202605040111,東京,11,グリーンチャンネルＣ(L) 出馬表,place,複勝,1,0.6659274101257324,2.1,139.8447561264038,1.0,139.8447561264038,39.84475612640381,3着内確率（モデル出力）,True,的中,210
202605040111,東京,11,グリーンチャンネルＣ(L) 出馬表,place,複勝,12,0.5376126170158386,2.5,134.40315425395966,1.0,134.40315425395966,34.403154253959656,3着内確率（モデル出力）,True,不的中,0
202605040111,東京,11,グリーンチャンネルＣ(L) 出馬表,place,複勝,4,0.7898712754249573,1.6,126.37940406799318,1.0,126.37940406799318,26.37940406799318,3着内確率（モデル出力）,True,的中,120
202605040111,東京,11,グリーンチャンネルＣ(L) 出馬表,place,複勝,5,0.7208292484283447,1.7,122.5409722328186,1.0,122.5409722328186,22.54097223281859,3着内確率（モデル出力）,True,的中,150
202605040111,東京,11,グリーンチャンネルＣ(L) 出馬表,win,単勝,3,0.1159188913375068,11.1,128.66996938463257,0.75,96.50247703847442,28.66996938463257,Plackett-Luce近似,False,不的中,0
202605040112,東京,12,３歳以上２勝クラス 出馬表,place,複勝,3,0.4388909935951233,5.8,254.55677628517148,1.0,254.55677628517148,154.55677628517148,3着内確率（モデル出力）,True,不的中,0
202605040112,東京,12,３歳以上２勝クラス 出馬表,place,複勝,12,0.7248452305793762,3.0,217.45356917381287,1.0,217.45356917381287,117.45356917381288,3着内確率（モデル出力）,True,的中,200
202605040112,東京,12,３歳以上２勝クラス 出馬表,place,複勝,9,0.2501756846904754,7.8,195.1370340585709,1.0,195.1370340585709,95.13703405857086,3着内確率（モデル出力）,True,不的中,0
202605040112,東京,12,３歳以上２勝クラス 出馬表,place,複勝,1,0.2789811789989471,6.3,175.7581427693367,1.0,175.7581427693367,75.7581427693367,3着内確率（モデル出力）,True,不的中,0
202605040112,東京,12,３歳以上２勝クラス 出馬表,place,複勝,4,0.6430611610412598,2.7,173.62651348114017,1.0,173.62651348114017,73.62651348114017,3着内確率（モデル出力）,True,不的中,0
202605040112,東京,12,３歳以上２勝クラス 出馬表,place,複勝,5,0.4228617548942566,3.9,164.91608440876007,1.0,164.91608440876007,64.91608440876007,3着内確率（モデル出力）,True,不的中,0
202605040112,東京,12,３歳以上２勝クラス 出馬表,place,複勝,8,0.728924572467804,2.1,153.07416021823883,1.0,153.07416021823883,53.07416021823883,3着内確率（モデル出力）,True,的中,140
202605040112,東京,12,３歳以上２勝クラス 出馬表,place,複勝,6,0.7374461889266968,1.6,117.9913902282715,1.0,117.9913902282715,17.9913902282715,3着内確率（モデル出力）,True,的中,130
202605040112,東京,12,３歳以上２勝クラス 出馬表,place,複勝,13,0.2772233486175537,4.0,110.88933944702148,1.0,110.88933944702148,10.889339447021484,3着内確率（モデル出力）,True,不的中,0
202605040112,東京,12,３歳以上２勝クラス 出馬表,win,単勝,12,0.1242548173505306,11.7,145.3781363001208,0.75,109.0336022250906,45.37813630012079,Plackett-Luce近似,False,不的中,0
202605040112,東京,12,３歳以上２勝クラス 出馬表,bracket_quinella,枠連,2-6,0.0574510572674731,24.7,141.9041114506587,0.7,99.33287801546108,41.90411145065869,Plackett-Luce近似（枠集計）,False,不的中,0
202605040112,東京,12,３歳以上２勝クラス 出馬表,bracket_quinella,枠連,3-6,0.0619924773690503,18.2,112.82630881167157,0.7,78.97841616817009,12.826308811671566,Plackett-Luce近似（枠集計）,False,不的中,0
202608040101,京都,1,２歳未勝利 出馬表,place,複勝,14,0.3965481519699096,18.1,717.7521550655365,1.0,717.7521550655365,617.7521550655365,3着内確率（モデル出力）,True,不的中,0
202608040101,京都,1,２歳未勝利 出馬表,place,複勝,11,0.3713502585887909,11.2,415.9122896194458,1.0,415.9122896194458,315.9122896194458,3着内確率（モデル出力）,True,不的中,0
202608040101,京都,1,２歳未勝利 出馬表,place,複勝,8,0.316437691450119,10.6,335.42395293712616,1.0,335.42395293712616,235.42395293712616,3着内確率（モデル出力）,True,不的中,0
202608040101,京都,1,２歳未勝利 出馬表,place,複勝,9,0.3234085440635681,10.2,329.8767149448394,1.0,329.8767149448394,229.87671494483945,3着内確率（モデル出力）,True,不的中,0
202608040101,京都,1,２歳未勝利 出馬表,place,複勝,7,0.4475640058517456,6.5,290.91660380363464,1.0,290.91660380363464,190.91660380363464,3着内確率（モデル出力）,True,不的中,0
202608040101,京都,1,２歳未勝利 出馬表,place,複勝,1,0.4180333316326141,6.1,255.0003322958946,1.0,255.0003322958946,155.0003322958946,3着内確率（モデル出力）,True,不的中,0
202608040101,京都,1,２歳未勝利 出馬表,place,複勝,12,0.4678052961826324,4.9,229.22459512949,1.0,229.22459512949,129.22459512948993,3着内確率（モデル出力）,True,不的中,0
202608040101,京都,1,２歳未勝利 出馬表,place,複勝,10,0.3099405169486999,4.8,148.77144813537598,1.0,148.77144813537598,48.77144813537598,3着内確率（モデル出力）,True,不的中,0
202608040101,京都,1,２歳未勝利 出馬表,place,複勝,2,0.4559814035892486,2.5,113.99535089731216,1.0,113.99535089731216,13.995350897312164,3着内確率（モデル出力）,True,不的中,0
202608040102,京都,2,２歳未勝利 出馬表,place,複勝,2,0.5754281878471375,9.2,529.3939328193665,1.0,529.3939328193665,429.39393281936646,3着内確率（モデル出力）,True,不的中,0
202608040102,京都,2,２歳未勝利 出馬表,wide,ワイド,2-10,0.0962444365080606,39.6,381.1279685719202,0.85,323.9587732861322,281.12796857192023,Plackett-Luce近似,True,不的中,0
202608040102,京都,2,２歳未勝利 出馬表,place,複勝,9,0.5822347402572632,4.8,279.4726753234863,1.0,279.4726753234863,179.47267532348633,3着内確率（モデル出力）,True,不的中,0
202608040102,京都,2,２歳未勝利 出馬表,wide,ワイド,1-2,0.0949751305557956,34.0,322.91544388970505,0.85,274.4781273062493,222.91544388970505,Plackett-Luce近似,True,不的中,0
202608040102,京都,2,２歳未勝利 出馬表,wide,ワイド,2-5,0.0845425002888191,30.0,253.62750086645727,0.85,215.5833757364888,153.62750086645738,Plackett-Luce近似,True,不的中,0
202608040102,京都,2,２歳未勝利 出馬表,wide,ワイド,5-9,0.085522951524283,29.0,248.0165594204209,0.85,210.8140755073578,148.01655942042095,Plackett-Luce近似,True,不的中,0
202608040102,京都,2,２歳未勝利 出馬表,place,複勝,4,0.3605822920799255,5.0,180.2911460399628,1.0,180.2911460399628,80.29114603996277,3着内確率（モデル出力）,True,不的中,0
202608040102,京都,2,２歳未勝利 出馬表,place,複勝,1,0.8919453024864197,2.0,178.38906049728394,1.0,178.38906049728394,78.38906049728394,3着内確率（モデル出力）,True,的中,210
202608040102,京都,2,２歳未勝利 出馬表,wide,ワイド,2-3,0.0894808403743423,23.3,208.49035807221767,0.85,177.21680436138502,108.49035807221767,Plackett-Luce近似,True,不的中,0
202608040102,京都,2,２歳未勝利 出馬表,wide,ワイド,9-10,0.0973560390654099,18.4,179.13511188035437,0.85,152.2648450983012,79.13511188035437,Plackett-Luce近似,True,不的中,0
202608040102,京都,2,２歳未勝利 出馬表,wide,ワイド,1-9,0.096072587952168,17.6,169.08775479581567,0.85,143.72459157644332,69.08775479581567,Plackett-Luce近似,True,不的中,0
202608040102,京都,2,２歳未勝利 出馬表,place,複勝,5,0.7902125716209412,1.6,126.4340114593506,1.0,126.4340114593506,26.4340114593506,3着内確率（モデル出力）,True,不的中,0
202608040102,京都,2,２歳未勝利 出馬表,place,複勝,7,0.339534044265747,3.7,125.62759637832642,1.0,125.62759637832642,25.627596378326416,3着内確率（モデル出力）,True,的中,340
202608040102,京都,2,２歳未勝利 出馬表,place,複勝,10,0.9044718146324158,1.3,117.58133590221404,1.0,117.58133590221404,17.58133590221405,3着内確率（モデル出力）,True,不的中,0
202608040102,京都,2,２歳未勝利 出馬表,wide,ワイド,5-10,0.1307366505896157,9.9,129.42928408371955,0.85,110.01489147116162,29.42928408371955,Plackett-Luce近似,True,不的中,0
202608040102,京都,2,２歳未勝利 出馬表,bracket_quinella,枠連,2-8,0.0525769959817801,37.4,196.6379649718577,0.7,137.64657548030038,96.63796497185773,Plackett-Luce近似（枠集計）,False,不的中,0
202608040102,京都,2,２歳未勝利 出馬表,win,単勝,1,0.1472988964768049,8.6,126.67705097005226,0.75,95.0077882275392,26.677050970052264,Plackett-Luce近似,False,的中,790
202608040102,京都,2,２歳未勝利 出馬表,bracket_quinella,枠連,5-8,0.0736461670719398,17.0,125.19848402229763,0.7,87.63893881560836,25.19848402229765,Plackett-Luce近似（枠集計）,False,不的中,0
202608040102,京都,2,２歳未勝利 出馬表,trio,3連複,1-5-10,0.0280936474719208,47.2,132.60201606746645,0.55,72.93110883710655,32.60201606746645,Plackett-Luce近似,False,不的中,0
202608040103,京都,3,３歳以上１勝クラス 出馬表,place,複勝,15,0.5847148299217224,6.3,368.3703428506851,1.0,368.3703428506851,268.3703428506851,3着内確率（モデル出力）,True,不的中,0
202608040103,京都,3,３歳以上１勝クラス 出馬表,place,複勝,6,0.3714242279529571,8.8,326.8533205986023,1.0,326.8533205986023,226.8533205986023,3着内確率（モデル出力）,True,的中,2550
202608040103,京都,3,３歳以上１勝クラス 出馬表,place,複勝,7,0.6590935587882996,3.9,257.04648792743683,1.0,257.04648792743683,157.04648792743683,3着内確率（モデル出力）,True,不的中,0
202608040103,京都,3,３歳以上１勝クラス 出馬表,place,複勝,9,0.3690478801727295,6.7,247.2620797157288,1.0,247.2620797157288,147.2620797157288,3着内確率（モデル出力）,True,不的中,0
202608040103,京都,3,３歳以上１勝クラス 出馬表,place,複勝,12,0.3928146958351135,5.5,216.04808270931244,1.0,216.04808270931244,116.04808270931244,3着内確率（モデル出力）,True,不的中,0
202608040103,京都,3,３歳以上１勝クラス 出馬表,place,複勝,10,0.6061509847640991,3.0,181.8452954292297,1.0,181.8452954292297,81.84529542922974,3着内確率（モデル出力）,True,不的中,0
202608040103,京都,3,３歳以上１勝クラス 出馬表,place,複勝,2,0.645626962184906,2.4,154.95047092437744,1.0,154.95047092437744,54.95047092437744,3着内確率（モデル出力）,True,的中,260
202608040103,京都,3,３歳以上１勝クラス 出馬表,place,複勝,5,0.3702065050601959,4.1,151.78466707468033,1.0,151.78466707468033,51.78466707468033,3着内確率（モデル出力）,True,不的中,0
202608040103,京都,3,３歳以上１勝クラス 出馬表,place,複勝,13,0.5249627828598022,2.5,131.24069571495056,1.0,131.24069571495056,31.24069571495056,3着内確率（モデル出力）,True,的中,360
202608040103,京都,3,３歳以上１勝クラス 出馬表,place,複勝,14,0.7214235663414001,1.8,129.85624194145203,1.0,129.85624194145203,29.856241941452023,3着内確率（モデル出力）,True,不的中,0
202608040104,京都,4,２歳新馬 出馬表,place,複勝,5,0.3769848346710205,12.7,478.770740032196,1.0,478.770740032196,378.770740032196,3着内確率（モデル出力）,True,不的中,0
202608040104,京都,4,２歳新馬 出馬表,place,複勝,7,0.4347875416278839,7.0,304.35127913951874,1.0,304.35127913951874,204.3512791395188,3着内確率（モデル出力）,True,不的中,0
202608040104,京都,4,２歳新馬 出馬表,place,複勝,2,0.4591564238071441,6.1,280.08541852235794,1.0,280.08541852235794,180.08541852235794,3着内確率（モデル出力）,True,不的中,0
202608040104,京都,4,２歳新馬 出馬表,place,複勝,3,0.4653982520103454,5.5,255.96903860569,1.0,255.96903860569,155.96903860569,3着内確率（モデル出力）,True,不的中,0
202608040104,京都,4,２歳新馬 出馬表,place,複勝,10,0.4981233179569244,4.3,214.1930267214775,1.0,214.1930267214775,114.19302672147752,3着内確率（モデル出力）,True,不的中,0
202608040104,京都,4,２歳新馬 出馬表,place,複勝,4,0.4702369570732116,4.4,206.9042611122132,1.0,206.9042611122132,106.90426111221316,3着内確率（モデル出力）,True,不的中,0
202608040104,京都,4,２歳新馬 出馬表,place,複勝,11,0.5030254125595093,3.2,160.968132019043,1.0,160.968132019043,60.968132019043,3着内確率（モデル出力）,True,不的中,0
202608040104,京都,4,２歳新馬 出馬表,place,複勝,9,0.4934452176094055,3.1,152.9680174589157,1.0,152.9680174589157,52.96801745891571,3着内確率（モデル出力）,True,不的中,0
202608040104,京都,4,２歳新馬 出馬表,place,複勝,13,0.5138375759124756,2.8,143.87452125549316,1.0,143.87452125549316,43.87452125549317,3着内確率（モデル出力）,True,的中,220
202608040104,京都,4,２歳新馬 出馬表,place,複勝,6,0.4795514345169067,2.7,129.47888731956482,1.0,129.47888731956482,29.47888731956482,3着内確率（モデル出力）,True,不的中,0
202608040104,京都,4,２歳新馬 出馬表,place,複勝,14,0.4654788672924042,2.7,125.67929416894914,1.0,125.67929416894914,25.67929416894914,3着内確率（モデル出力）,True,不的中,0
202608040104,京都,4,２歳新馬 出馬表,place,複勝,8,0.4890959560871124,2.4,117.38302946090695,1.0,117.38302946090695,17.383029460906968,3着内確率（モデル出力）,True,的中,230
202608040105,京都,5,２歳新馬 出馬表,place,複勝,8,0.4649259150028229,11.1,516.0677656531334,1.0,516.0677656531334,416.0677656531334,3着内確率（モデル出力）,True,不的中,0
202608040105,京都,5,２歳新馬 出馬表,place,複勝,7,0.4593671262264251,7.8,358.30635845661163,1.0,358.30635845661163,258.30635845661163,3着内確率（モデル出力）,True,不的中,0
202608040105,京都,5,２歳新馬 出馬表,place,複勝,3,0.4386627376079559,7.9,346.5435627102852,1.0,346.5435627102852,246.5435627102852,3着内確率（モデル出力）,True,不的中,0
202608040105,京都,5,２歳新馬 出馬表,place,複勝,5,0.4462701678276062,7.2,321.31452083587646,1.0,321.31452083587646,221.3145208358765,3着内確率（モデル出力）,True,不的中,0
202608040105,京都,5,２歳新馬 出馬表,place,複勝,12,0.4892373383045196,6.5,318.0042698979378,1.0,318.0042698979378,218.0042698979377,3着内確率（モデル出力）,True,不的中,0
202608040105,京都,5,２歳新馬 出馬表,place,複勝,14,0.4270849525928497,6.8,290.4177677631378,1.0,290.4177677631378,190.41776776313785,3着内確率（モデル出力）,True,不的中,0
202608040105,京都,5,２歳新馬 出馬表,place,複勝,16,0.4910666048526764,5.2,255.35463452339167,1.0,255.35463452339167,155.35463452339172,3着内確率（モデル出力）,True,不的中,0
202608040105,京都,5,２歳新馬 出馬表,place,複勝,15,0.3879202604293823,5.5,213.35614323616028,1.0,213.35614323616028,113.35614323616028,3着内確率（モデル出力）,True,的中,370
202608040105,京都,5,２歳新馬 出馬表,place,複勝,13,0.4921810626983642,3.7,182.1069931983948,1.0,182.1069931983948,82.10699319839478,3着内確率（モデル出力）,True,不的中,0
202608040105,京都,5,２歳新馬 出馬表,place,複勝,10,0.3158991932868957,4.4,138.99564504623413,1.0,138.99564504623413,38.99564504623413,3着内確率（モデル出力）,True,不的中,0
202608040105,京都,5,２歳新馬 出馬表,place,複勝,4,0.4418239891529083,3.0,132.5471967458725,1.0,132.5471967458725,32.5471967458725,3着内確率（モデル出力）,True,不的中,0
202608040106,京都,6,３歳以上１勝クラス 出馬表,place,複勝,13,0.7201189398765564,6.2,446.47374272346497,1.0,446.47374272346497,346.47374272346497,3着内確率（モデル出力）,True,不的中,0
202608040106,京都,6,３歳以上１勝クラス 出馬表,place,複勝,9,0.6191215515136719,6.1,377.6641464233398,1.0,377.6641464233398,277.6641464233398,3着内確率（モデル出力）,True,不的中,0
202608040106,京都,6,３歳以上１勝クラス 出馬表,place,複勝,11,0.4661735296249389,7.6,354.2918825149536,1.0,354.2918825149536,254.2918825149536,3着内確率（モデル出力）,True,不的中,0
202608040106,京都,6,３歳以上１勝クラス 出馬表,place,複勝,6,0.4987179934978485,6.9,344.1154155135155,1.0,344.1154155135155,244.11541551351547,3着内確率（モデル出力）,True,不的中,0
202608040106,京都,6,３歳以上１勝クラス 出馬表,place,複勝,4,0.6959491968154907,4.7,327.09612250328064,1.0,327.09612250328064,227.09612250328064,3着内確率（モデル出力）,True,不的中,0
202608040106,京都,6,３歳以上１勝クラス 出馬表,place,複勝,5,0.6047135591506958,3.9,235.83828806877136,1.0,235.83828806877136,135.83828806877136,3着内確率（モデル出力）,True,不的中,0
202608040106,京都,6,３歳以上１勝クラス 出馬表,place,複勝,8,0.7536947727203369,3.0,226.10843181610107,1.0,226.10843181610107,126.10843181610107,3着内確率（モデル出力）,True,不的中,0
202608040106,京都,6,３歳以上１勝クラス 出馬表,place,複勝,16,0.5546424984931946,3.5,194.1248744726181,1.0,194.1248744726181,94.1248744726181,3着内確率（モデル出力）,True,不的中,0
202608040106,京都,6,３歳以上１勝クラス 出馬表,place,複勝,12,0.601946234703064,3.0,180.5838704109192,1.0,180.5838704109192,80.58387041091919,3着内確率（モデル出力）,True,的中,610
202608040106,京都,6,３歳以上１勝クラス 出馬表,place,複勝,10,0.6430898308753967,2.8,180.06515264511108,1.0,180.06515264511108,80.06515264511108,3着内確率（モデル出力）,True,的中,270
202608040106,京都,6,３歳以上１勝クラス 出馬表,place,複勝,1,0.7534313797950745,2.2,165.7549035549164,1.0,165.7549035549164,65.75490355491641,3着内確率（モデル出力）,True,的中,240
202608040106,京都,6,３歳以上１勝クラス 出馬表,place,複勝,17,0.3406167924404144,4.4,149.87138867378235,1.0,149.87138867378235,49.87138867378235,3着内確率（モデル出力）,True,不的中,0
202608040106,京都,6,３歳以上１勝クラス 出馬表,place,複勝,14,0.4856210350990295,2.6,126.2614691257477,1.0,126.2614691257477,26.26146912574769,3着内確率（モデル出力）,True,不的中,0
202608040107,京都,7,３歳以上１勝クラス 出馬表,place,複勝,12,0.5905584692955017,15.6,921.2712121009826,1.0,921.2712121009826,821.2712121009826,3着内確率（モデル出力）,True,不的中,0
202608040107,京都,7,３歳以上１勝クラス 出馬表,place,複勝,13,0.6826173663139343,4.8,327.6563358306885,1.0,327.6563358306885,227.65633583068848,3着内確率（モデル出力）,True,不的中,0
202608040107,京都,7,３歳以上１勝クラス 出馬表,place,複勝,15,0.6670967936515808,4.3,286.8516212701797,1.0,286.8516212701797,186.8516212701797,3着内確率（モデル出力）,True,不的中,0
202608040107,京都,7,３歳以上１勝クラス 出馬表,place,複勝,9,0.4130211770534515,4.8,198.2501649856568,1.0,198.2501649856568,98.25016498565674,3着内確率（モデル出力）,True,不的中,0
202608040107,京都,7,３歳以上１勝クラス 出馬表,place,複勝,2,0.3262192904949188,5.9,192.4693813920021,1.0,192.4693813920021,92.4693813920021,3着内確率（モデル出力）,True,不的中,0
202608040107,京都,7,３歳以上１勝クラス 出馬表,place,複勝,8,0.334317684173584,4.4,147.09978103637698,1.0,147.09978103637698,47.09978103637698,3着内確率（モデル出力）,True,不的中,0
202608040107,京都,7,３歳以上１勝クラス 出馬表,wide,ワイド,7-13,0.0867885084349448,18.1,157.08720026725018,0.85,133.52412022716263,57.08720026725018,Plackett-Luce近似,True,不的中,0
202608040107,京都,7,３歳以上１勝クラス 出馬表,place,複勝,14,0.8241737484931946,1.5,123.6260622739792,1.0,123.6260622739792,23.626062273979187,3着内確率（モデル出力）,True,不的中,0
202608040107,京都,7,３歳以上１勝クラス 出馬表,place,複勝,16,0.3860142230987549,3.2,123.52455139160156,1.0,123.52455139160156,23.52455139160156,3着内確率（モデル出力）,True,不的中,0
202608040107,京都,7,３歳以上１勝クラス 出馬表,win,単勝,13,0.1084073971343913,31.0,336.0629311166132,0.75,252.0471983374599,236.0629311166132,Plackett-Luce近似,False,不的中,0
202608040107,京都,7,３歳以上１勝クラス 出馬表,bracket_quinella,枠連,6-7,0.0753419830540113,29.7,223.76568967041365,0.7,156.63598276928954,123.76568967041364,Plackett-Luce近似（枠集計）,False,不的中,0
202608040107,京都,7,３歳以上１勝クラス 出馬表,bracket_quinella,枠連,6-8,0.0517462845273493,35.8,185.2516986079105,0.7,129.67618902553735,85.2516986079105,Plackett-Luce近似（枠集計）,False,不的中,0
202608040107,京都,7,３歳以上１勝クラス 出馬表,win,単勝,15,0.1059425537720747,13.4,141.96302205458016,0.75,106.47226654093512,41.963022054580165,Plackett-Luce近似,False,不的中,0
202608040107,京都,7,３歳以上１勝クラス 出馬表,bracket_quinella,枠連,7-8,0.0895057452000128,14.1,126.20310073201816,0.7,88.34217051241272,26.20310073201817,Plackett-Luce近似（枠集計）,False,不的中,0
202608040108,京都,8,３歳以上２勝クラス 出馬表,place,複勝,8,0.3274964988231659,8.4,275.0970590114593,1.0,275.0970590114593,175.09705901145935,3着内確率（モデル出力）,True,不的中,0
202608040108,京都,8,３歳以上２勝クラス 出馬表,place,複勝,6,0.6621769070625305,3.5,231.76191747188568,1.0,231.76191747188568,131.76191747188568,3着内確率（モデル出力）,True,不的中,0
202608040108,京都,8,３歳以上２勝クラス 出馬表,place,複勝,11,0.3643298149108886,4.2,153.01852226257324,1.0,153.01852226257324,53.01852226257324,3着内確率（モデル出力）,True,不的中,0
202608040108,京都,8,３歳以上２勝クラス 出馬表,place,複勝,3,0.6601857542991638,2.1,138.6390084028244,1.0,138.6390084028244,38.6390084028244,3着内確率（モデル出力）,True,不的中,0
202608040108,京都,8,３歳以上２勝クラス 出馬表,wide,ワイド,5-6,0.1112596687220814,14.2,157.98872958535569,0.85,134.29042014755234,57.988729585355685,Plackett-Luce近似,True,不的中,0
202608040108,京都,8,３歳以上２勝クラス 出馬表,place,複勝,5,0.8816108107566833,1.5,132.2416216135025,1.0,132.2416216135025,32.2416216135025,3着内確率（モデル出力）,True,的中,130
202608040108,京都,8,３歳以上２勝クラス 出馬表,wide,ワイド,3-6,0.0842263353922358,17.7,149.08061364425734,0.85,126.71852159761872,49.08061364425734,Plackett-Luce近似,True,不的中,0
202608040108,京都,8,３歳以上２勝クラス 出馬表,place,複勝,2,0.2760533392429352,4.2,115.94240248203278,1.0,115.94240248203278,15.942402482032776,3着内確率（モデル出力）,True,不的中,0
202608040108,京都,8,３歳以上２勝クラス 出馬表,wide,ワイド,4-6,0.0943312509946861,14.2,133.95037641245432,0.85,113.85781995058616,33.95037641245432,Plackett-Luce近似,True,不的中,0
202608040108,京都,8,３歳以上２勝クラス 出馬表,place,複勝,4,0.7418786287307739,1.5,111.28179430961607,1.0,111.28179430961607,11.281794309616089,3着内確率（モデル出力）,True,的中,140
202608040108,京都,8,３歳以上２勝クラス 出馬表,wide,ワイド,3-5,0.1109364653329658,10.6,117.59265325294376,0.85,99.9537552650022,17.592653252943762,Plackett-Luce近似,True,不的中,0
202608040108,京都,8,３歳以上２勝クラス 出馬表,win,単勝,6,0.1115279978374712,17.9,199.6351161290736,0.75,149.72633709680514,99.63511612907354,Plackett-Luce近似,False,不的中,0
202608040108,京都,8,３歳以上２勝クラス 出馬表,bracket_quinella,枠連,3-6,0.0632047859727292,30.3,191.5105014973696,0.7,134.0573510481587,91.51050149736956,Plackett-Luce近似（枠集計）,False,不的中,0
202608040108,京都,8,３歳以上２勝クラス 出馬表,bracket_quinella,枠連,5-6,0.08623540966493,17.1,147.4625505270303,0.7,103.2237853689212,47.46255052703029,Plackett-Luce近似（枠集計）,False,不的中,0
202608040108,京都,8,３歳以上２勝クラス 出馬表,trio,3連複,5-6-7,0.0216939831603435,70.1,152.07482195400803,0.55,83.64115207470442,52.07482195400803,Plackett-Luce近似,False,不的中,0
202608040109,京都,9,りんどう賞(1勝クラス) 出馬表,place,複勝,8,0.7117297649383545,7.8,555.1492166519165,1.0,555.1492166519165,455.1492166519165,3着内確率（モデル出力）,True,不的中,0
202608040109,京都,9,りんどう賞(1勝クラス) 出馬表,wide,ワイド,3-8,0.1324659775628456,48.1,637.1613520772877,0.85,541.5871492656945,537.1613520772877,Plackett-Luce近似,True,不的中,0
202608040109,京都,9,りんどう賞(1勝クラス) 出馬表,wide,ワイド,1-8,0.1416276466006342,33.2,470.2037867141057,0.85,399.6732187069898,370.2037867141057,Plackett-Luce近似,True,不的中,0
202608040109,京都,9,りんどう賞(1勝クラス) 出馬表,wide,ワイド,5-8,0.1059545634356156,43.1,456.66416840750327,0.85,388.16454314637775,356.66416840750327,Plackett-Luce近似,True,不的中,0
202608040109,京都,9,りんどう賞(1勝クラス) 出馬表,wide,ワイド,7-8,0.1286885677331515,30.0,386.06570319945456,0.85,328.1558477195364,286.06570319945456,Plackett-Luce近似,True,不的中,0
202608040109,京都,9,りんどう賞(1勝クラス) 出馬表,wide,ワイド,6-8,0.1021622978709329,31.4,320.7896153147296,0.85,272.6711730175201,220.7896153147296,Plackett-Luce近似,True,不的中,0
202608040109,京都,9,りんどう賞(1勝クラス) 出馬表,wide,ワイド,2-8,0.0841464799645715,36.4,306.29318707104056,0.85,260.34920901038447,206.29318707104056,Plackett-Luce近似,True,不的中,0
202608040109,京都,9,りんどう賞(1勝クラス) 出馬表,place,複勝,1,0.9230658411979676,2.1,193.8438266515732,1.0,193.8438266515732,93.84382665157318,3着内確率（モデル出力）,True,不的中,0
202608040109,京都,9,りんどう賞(1勝クラス) 出馬表,place,複勝,5,0.6807507276535034,2.7,183.80269646644592,1.0,183.80269646644592,83.80269646644592,3着内確率（モデル出力）,True,不的中,0
202608040109,京都,9,りんどう賞(1勝クラス) 出馬表,place,複勝,4,0.4340273439884186,3.3,143.22902351617813,1.0,143.22902351617813,43.22902351617813,3着内確率（モデル出力）,True,的中,440
202608040109,京都,9,りんどう賞(1勝クラス) 出馬表,wide,ワイド,2-5,0.0805665618309847,15.8,127.29516769295594,0.85,108.20089253901254,27.295167692955943,Plackett-Luce近似,True,不的中,0
202608040109,京都,9,りんどう賞(1勝クラス) 出馬表,wide,ワイド,2-3,0.1009498732895387,12.4,125.17784287902802,0.85,106.40116644717382,25.17784287902802,Plackett-Luce近似,True,不的中,0
202608040109,京都,9,りんどう賞(1勝クラス) 出馬表,wide,ワイド,3-5,0.1269210286864851,9.1,115.49813610470146,0.85,98.17341568899624,15.49813610470146,Plackett-Luce近似,True,不的中,0
202608040109,京都,9,りんどう賞(1勝クラス) 出馬表,trio,3連複,1-5-8,0.0239537067901277,336.2,805.3236222840939,0.55,442.9279922562517,705.3236222840939,Plackett-Luce近似,False,不的中,0
202608040109,京都,9,りんどう賞(1勝クラス) 出馬表,trio,3連複,1-3-8,0.0315182682635758,188.0,592.5434433552266,0.55,325.89889384537463,492.5434433552266,Plackett-Luce近似,False,不的中,0
202608040109,京都,9,りんどう賞(1勝クラス) 出馬表,win,単勝,8,0.1262822539583899,32.9,415.4686155231028,0.75,311.6014616423271,315.4686155231028,Plackett-Luce近似,False,不的中,0
202608040109,京都,9,りんどう賞(1勝クラス) 出馬表,trio,3連複,3-5-8,0.0219606672242178,253.3,556.2637007894375,0.55,305.94503543419063,456.2637007894375,Plackett-Luce近似,False,不的中,0
202608040109,京都,9,りんどう賞(1勝クラス) 出馬表,trio,3連複,5-7-8,0.0211678405307166,224.1,474.3713062933602,0.55,260.90421846134814,374.3713062933602,Plackett-Luce近似,False,不的中,0
202608040109,京都,9,りんどう賞(1勝クラス) 出馬表,trio,3連複,3-7-8,0.0278503504220789,163.4,455.0747258967694,0.55,250.2910992432232,355.0747258967694,Plackett-Luce近似,False,不的中,0
202608040109,京都,9,りんどう賞(1勝クラス) 出馬表,trio,3連複,1-7-8,0.0303794142634884,141.0,428.34974111518704,0.55,235.5923576133529,328.34974111518704,Plackett-Luce近似,False,不的中,0
202608040109,京都,9,りんどう賞(1勝クラス) 出馬表,trio,3連複,3-6-8,0.0210348998167233,194.2,408.4977544407673,0.55,224.67376494242205,308.4977544407673,Plackett-Luce近似,False,不的中,0
202608040109,京都,9,りんどう賞(1勝クラス) 出馬表,trio,3連複,1-6-8,0.0229437749576922,156.1,358.15232708957643,0.55,196.98377989926703,258.15232708957643,Plackett-Luce近似,False,不的中,0
202608040109,京都,9,りんどう賞(1勝クラス) 出馬表,win,単勝,1,0.1637796263706532,10.2,167.05521889806627,0.75,125.2914141735497,67.05521889806627,Plackett-Luce近似,False,不的中,0
202608040109,京都,9,りんどう賞(1勝クラス) 出馬表,win,単勝,5,0.120785641555042,10.5,126.82492363279418,0.75,95.11869272459565,26.82492363279418,Plackett-Luce近似,False,不的中,0
202608040109,京都,9,りんどう賞(1勝クラス) 出馬表,trio,3連複,6-7-8,0.0202755414968733,73.7,149.43074083195674,0.55,82.18690745757621,49.43074083195674,Plackett-Luce近似,False,不的中,0
202608040109,京都,9,りんどう賞(1勝クラス) 出馬表,trio,3連複,1-3-5,0.0299365982673108,47.0,140.70201185636083,0.55,77.38610652099848,40.702011856360855,Plackett-Luce近似,False,不的中,0
202608040109,京都,9,りんどう賞(1勝クラス) 出馬表,trio,3連複,1-2-3,0.0229285981129124,58.2,133.4444410171506,0.55,73.39444255943285,33.44444101715061,Plackett-Luce近似,False,不的中,0
202608040110,京都,10,大山崎ステークス(3勝クラス) 出馬表,place,複勝,12,0.4037676453590393,6.8,274.5619988441468,1.0,274.5619988441468,174.56199884414673,3着内確率（モデル出力）,True,不的中,0
202608040110,京都,10,大山崎ステークス(3勝クラス) 出馬表,place,複勝,1,0.405678242444992,6.7,271.8044224381447,1.0,271.8044224381447,171.80442243814468,3着内確率（モデル出力）,True,不的中,0
202608040110,京都,10,大山崎ステークス(3勝クラス) 出馬表,place,複勝,13,0.4376726746559143,5.8,253.85015130043027,1.0,253.85015130043027,153.85015130043027,3着内確率（モデル出力）,True,不的中,0
202608040110,京都,10,大山崎ステークス(3勝クラス) 出馬表,place,複勝,11,0.7581288814544678,3.0,227.4386644363404,1.0,227.4386644363404,127.43866443634032,3着内確率（モデル出力）,True,不的中,0
202608040110,京都,10,大山崎ステークス(3勝クラス) 出馬表,place,複勝,8,0.5467705130577087,3.8,207.7727949619293,1.0,207.7727949619293,107.77279496192932,3着内確率（モデル出力）,True,的中,240
202608040110,京都,10,大山崎ステークス(3勝クラス) 出馬表,place,複勝,15,0.3218022584915161,4.5,144.81101632118225,1.0,144.81101632118225,44.81101632118225,3着内確率（モデル出力）,True,不的中,0
202608040110,京都,10,大山崎ステークス(3勝クラス) 出馬表,place,複勝,4,0.3166224062442779,4.5,142.48008280992508,1.0,142.48008280992508,42.48008280992508,3着内確率（モデル出力）,True,不的中,0
202608040110,京都,10,大山崎ステークス(3勝クラス) 出馬表,place,複勝,14,0.7337020635604858,1.7,124.72935080528258,1.0,124.72935080528258,24.72935080528258,3着内確率（モデル出力）,True,的中,130
202608040110,京都,10,大山崎ステークス(3勝クラス) 出馬表,place,複勝,5,0.272632747888565,4.3,117.23208159208298,1.0,117.23208159208298,17.232081592082977,3着内確率（モデル出力）,True,不的中,0
202608040110,京都,10,大山崎ステークス(3勝クラス) 出馬表,bracket_quinella,枠連,4-6,0.0612947300222104,27.7,169.7864021615228,0.7,118.85048151306596,69.7864021615228,Plackett-Luce近似（枠集計）,False,不的中,0
202608040110,京都,10,大山崎ステークス(3勝クラス) 出馬表,bracket_quinella,枠連,4-7,0.0617237169356124,21.8,134.55770291963515,0.7,94.1903920437446,34.55770291963515,Plackett-Luce近似（枠集計）,False,的中,900
202608040111,京都,11,オパールステークス(L) 出馬表,place,複勝,2,0.3016366362571716,11.4,343.86576533317566,1.0,343.86576533317566,243.8657653331757,3着内確率（モデル出力）,True,不的中,0
202608040111,京都,11,オパールステークス(L) 出馬表,place,複勝,15,0.5574631094932556,5.5,306.6047102212906,1.0,306.6047102212906,206.6047102212906,3着内確率（モデル出力）,True,不的中,0
202608040111,京都,11,オパールステークス(L) 出馬表,place,複勝,14,0.3668704032897949,7.8,286.15891456604004,1.0,286.15891456604004,186.15891456604004,3着内確率（モデル出力）,True,不的中,0
202608040111,京都,11,オパールステークス(L) 出馬表,place,複勝,13,0.4721561670303345,4.9,231.35652184486392,1.0,231.35652184486392,131.35652184486392,3着内確率（モデル出力）,True,不的中,0
202608040111,京都,11,オパールステークス(L) 出馬表,place,複勝,6,0.6262639164924622,3.3,206.6670924425125,1.0,206.6670924425125,106.66709244251253,3着内確率（モデル出力）,True,的中,290
202608040111,京都,11,オパールステークス(L) 出馬表,place,複勝,17,0.3850502669811249,4.9,188.6746308207512,1.0,188.6746308207512,88.67463082075119,3着内確率（モデル出力）,True,不的中,0
202608040111,京都,11,オパールステークス(L) 出馬表,place,複勝,18,0.6882978677749634,2.7,185.8404242992401,1.0,185.8404242992401,85.84042429924011,3着内確率（モデル出力）,True,的中,250
202608040111,京都,11,オパールステークス(L) 出馬表,place,複勝,3,0.7203035950660706,2.4,172.87286281585693,1.0,172.87286281585693,72.87286281585693,3着内確率（モデル出力）,True,不的中,0
202608040111,京都,11,オパールステークス(L) 出馬表,place,複勝,10,0.745219886302948,1.9,141.59177839756012,1.0,141.59177839756012,41.59177839756012,3着内確率（モデル出力）,True,不的中,0
202608040111,京都,11,オパールステークス(L) 出馬表,place,複勝,8,0.4682199358940124,2.7,126.41938269138338,1.0,126.41938269138338,26.419382691383376,3着内確率（モデル出力）,True,的中,270
202608040111,京都,11,オパールステークス(L) 出馬表,place,複勝,1,0.3284464478492737,3.6,118.24072122573853,1.0,118.24072122573853,18.240721225738525,3着内確率（モデル出力）,True,不的中,0
202608040111,京都,11,オパールステークス(L) 出馬表,bracket_quinella,枠連,2-7,0.0667166735232065,21.8,145.44234828059032,0.7,101.80964379641324,45.44234828059032,Plackett-Luce近似（枠集計）,False,不的中,0
202608040111,京都,11,オパールステークス(L) 出馬表,bracket_quinella,枠連,5-7,0.0619271934266656,19.5,120.75802718199796,0.7,84.53061902739856,20.758027181997942,Plackett-Luce近似（枠集計）,False,不的中,0
202608040112,京都,12,３歳以上２勝クラス 出馬表,place,複勝,8,0.2601244151592254,11.7,304.3455657362938,1.0,304.3455657362938,204.3455657362938,3着内確率（モデル出力）,True,不的中,0
202608040112,京都,12,３歳以上２勝クラス 出馬表,place,複勝,5,0.3832533657550812,6.3,241.4496204257012,1.0,241.4496204257012,141.44962042570114,3着内確率（モデル出力）,True,不的中,0
202608040112,京都,12,３歳以上２勝クラス 出馬表,place,複勝,13,0.7006815075874329,3.0,210.20445227622983,1.0,210.20445227622983,110.20445227622986,3着内確率（モデル出力）,True,不的中,0
202608040112,京都,12,３歳以上２勝クラス 出馬表,place,複勝,10,0.708710789680481,2.8,198.43902111053467,1.0,198.43902111053467,98.43902111053468,3着内確率（モデル出力）,True,的中,280
202608040112,京都,12,３歳以上２勝クラス 出馬表,place,複勝,6,0.6136422157287598,2.9,177.95624256134033,1.0,177.95624256134033,77.95624256134033,3着内確率（モデル出力）,True,不的中,0
202608040112,京都,12,３歳以上２勝クラス 出馬表,place,複勝,12,0.3938673138618469,4.4,173.30161809921265,1.0,173.30161809921265,73.30161809921265,3着内確率（モデル出力）,True,不的中,0
202608040112,京都,12,３歳以上２勝クラス 出馬表,place,複勝,7,0.6776395440101624,2.0,135.52790880203247,1.0,135.52790880203247,35.52790880203247,3着内確率（モデル出力）,True,不的中,0
202608040112,京都,12,３歳以上２勝クラス 出馬表,place,複勝,4,0.250190407037735,4.5,112.58568316698074,1.0,112.58568316698074,12.585683166980743,3着内確率（モデル出力）,True,的中,840
202608040112,京都,12,３歳以上２勝クラス 出馬表,wide,ワイド,10-13,0.0817997881243868,15.9,130.06166311777514,0.85,110.55241365010886,30.06166311777514,Plackett-Luce近似,True,不的中,0
202608040112,京都,12,３歳以上２勝クラス 出馬表,bracket_quinella,枠連,4-8,0.0851047455925345,25.8,219.57024362873915,0.7,153.6991705401174,119.57024362873916,Plackett-Luce近似（枠集計）,False,不的中,0
202608040112,京都,12,３歳以上２勝クラス 出馬表,bracket_quinella,枠連,4-6,0.0727361005521473,28.8,209.47996959018425,0.7,146.63597871312896,109.47996959018424,Plackett-Luce近似（枠集計）,False,不的中,0
202608040112,京都,12,３歳以上２勝クラス 出馬表,bracket_quinella,枠連,4-5,0.0515020439200548,37.0,190.5575625042028,0.7,133.39029375294194,90.5575625042028,Plackett-Luce近似（枠集計）,False,不的中,0
202608040112,京都,12,３歳以上２勝クラス 出馬表,win,単勝,10,0.1124005032492077,12.0,134.88060389904933,0.75,101.160452924287,34.88060389904933,Plackett-Luce近似,False,不的中,0
202608040112,京都,12,３歳以上２勝クラス 出馬表,bracket_quinella,枠連,5-6,0.0686603301680955,18.0,123.58859430257192,0.7,86.51201601180034,23.58859430257192,Plackett-Luce近似（枠集計）,False,不的中,0
